id,price
23839013,0
29656859,0
16489175,0
36312752,0
4566340,0
33418931,0
21769638,0
30146925,0
287397,0
10887262,0
16014791,0
641768,0
29058736,0
36484665,0
35374230,0
34933454,0
9923887,0
17141182,0
25845142,0
19375739,0
32240533,0
20827801,0
18855750,0
9217745,0
17711806,0
3453488,0
36108714,0
21230688,0
27937564,0
27248443,0
27982303,0
23584115,0
15917098,0
31453103,0
3476105,0
33241012,0
6866061,0
22355365,0
26076732,0
9685158,0
33775765,0
21377493,0
21311003,0
7072541,0
3198018,0
19021031,0
35582765,0
33072533,0
26371238,0
23480510,0
450577,0
29877448,0
31929849,0
19141391,0
581542,0
17095971,0
27661175,0
34907095,0
13513592,0
24248461,0
25310404,0
19699039,0
31386277,0
34543905,0
17864665,0
23713359,0
31445758,0
8703888,0
31806593,0
32896994,0
32557722,0
7616651,0
23875745,0
34150501,0
2847633,0
30315979,0
22107371,0
34822061,0
3003228,0
21970259,0
34867574,0
10435862,0
13780126,0
30406899,0
21199630,0
3840000,0
17029902,0
4842054,0
1656621,0
33714518,0
20171179,0
21149773,0
3013383,0
904060,0
10658564,0
21996983,0
35118554,0
34385166,0
2102651,0
5523413,0
28933205,0
9489073,0
8275455,0
34614782,0
7305718,0
31389481,0
3819407,0
21004111,0
32236681,0
3611620,0
2012750,0
29623888,0
36042368,0
19141662,0
26946148,0
5760776,0
5670038,0
17448930,0
5376069,0
16274966,0
18669019,0
31950082,0
24919764,0
9140055,0
24178083,0
29445977,0
356230,0
33875614,0
219066,0
10073995,0
30124940,0
31388229,0
16618049,0
30939405,0
4533010,0
22259132,0
12564287,0
26313558,0
6261971,0
2172139,0
29492557,0
5127131,0
30389504,0
31450131,0
8145339,0
21504532,0
10307009,0
8305649,0
9810696,0
12267015,0
25127539,0
2867115,0
34490379,0
20167264,0
24857723,0
22068519,0
36301344,0
74680,0
32813862,0
7376952,0
114229,0
21853347,0
5779752,0
30929887,0
611408,0
22985419,0
9513743,0
34948476,0
23606434,0
16884405,0
17008022,0
5918356,0
4950357,0
11325107,0
26573069,0
5144689,0
255024,0
22035333,0
22723461,0
31055896,0
30741160,0
1109092,0
22294028,0
11415455,0
29701500,0
30388429,0
6779136,0
14928864,0
30955422,0
15311253,0
30038437,0
15758511,0
18776908,0
4053987,0
36304117,0
30477370,0
32240476,0
16916234,0
33618578,0
30903481,0
31874576,0
18840866,0
14109521,0
8367486,0
30175606,0
26119005,0
15248948,0
6934249,0
8231648,0
26846867,0
35844745,0
19342315,0
17634485,0
21811663,0
34465167,0
17009057,0
9956933,0
28627384,0
32232502,0
6004200,0
7545274,0
15374777,0
5871372,0
28978510,0
153780,0
13669161,0
28151382,0
30266212,0
1578103,0
1472009,0
36114840,0
17874595,0
21392504,0
33560460,0
22785118,0
25680531,0
23581183,0
5875384,0
8054277,0
27783586,0
4777166,0
10250433,0
13164444,0
702213,0
30392649,0
25678522,0
30287525,0
15021783,0
35738384,0
10186787,0
19387402,0
18286031,0
13547426,0
5885101,0
5661276,0
35330965,0
30059491,0
1137093,0
1069287,0
4866875,0
35909458,0
32089161,0
7615693,0
12671359,0
23713405,0
33907604,0
11842127,0
5738785,0
810681,0
29838679,0
8595394,0
22161977,0
35645833,0
34207673,0
16193259,0
17905479,0
6812717,0
618836,0
7679094,0
30391955,0
4603954,0
4333204,0
3703633,0
11138823,0
30548591,0
31221314,0
21141576,0
9835402,0
36030151,0
11294566,0
17545123,0
28963934,0
322974,0
6084475,0
21980711,0
21754946,0
20863293,0
30466053,0
13697770,0
22101044,0
2224417,0
24799807,0
34501274,0
31294112,0
31501009,0
14946346,0
35356745,0
23464662,0
28495328,0
1028263,0
24757848,0
276482,0
26422007,0
28669168,0
71248,0
13883481,0
6544899,0
4163781,0
6657134,0
16755920,0
29981213,0
30146411,0
9504843,0
23218579,0
18758525,0
5804184,0
19831736,0
23010967,0
17989780,0
24895943,0
12433898,0
31719001,0
9765944,0
14615541,0
24609263,0
24132282,0
6619187,0
33430847,0
35647761,0
13016230,0
28467737,0
526942,0
8058693,0
17420345,0
14945585,0
2189129,0
13084346,0
22033927,0
63610,0
31934408,0
14070671,0
32315112,0
747344,0
29097472,0
27784070,0
34714305,0
24835343,0
36154148,0
7032930,0
35465579,0
2698645,0
7920072,0
33497845,0
32886217,0
6239508,0
2169106,0
34335356,0
15203342,0
13777303,0
7560291,0
9755074,0
1836381,0
16370096,0
24514490,0
16546557,0
9146595,0
35657486,0
30006962,0
4393502,0
1377134,0
34116613,0
20826953,0
6452188,0
18942735,0
36182819,0
26043558,0
21489266,0
13764772,0
19414813,0
36373544,0
10204682,0
32237692,0
22579551,0
6761084,0
26810815,0
951944,0
9735931,0
735677,0
32576739,0
11775483,0
14551896,0
30452520,0
22824469,0
25456951,0
34686293,0
4849703,0
17305490,0
22611934,0
35877927,0
6071347,0
18561618,0
24871779,0
13548332,0
23644523,0
435909,0
30394380,0
15233387,0
35039831,0
13563766,0
30145754,0
16389531,0
25232614,0
9820483,0
18997371,0
21938508,0
17151230,0
16568252,0
35737107,0
35601334,0
6185426,0
30694693,0
9679935,0
4446862,0
15219855,0
2022958,0
2570561,0
8290724,0
28220443,0
35977480,0
3911453,0
12675052,0
36040561,0
7937398,0
820710,0
35726476,0
21110331,0
19747940,0
4678568,0
35196057,0
8823472,0
32309292,0
13585495,0
33852604,0
17499587,0
35805474,0
25288200,0
20358824,0
2158171,0
1954653,0
34316644,0
9412913,0
29567252,0
7226624,0
9538618,0
19843731,0
7697161,0
6588947,0
33641091,0
15775049,0
35124747,0
21473096,0
9093219,0
21549450,0
16414081,0
31014381,0
4058701,0
1614964,0
30676471,0
2460611,0
29758404,0
33186981,0
13125150,0
3278436,0
19387555,0
21707762,0
34749200,0
322037,0
1305346,0
18719129,0
9108196,0
34605017,0
8294525,0
35705482,0
29923198,0
17968140,0
26751201,0
4047815,0
23810398,0
22848378,0
6992300,0
34330817,0
35618225,0
6447136,0
607781,0
34244391,0
1716640,0
29659447,0
23538694,0
34866447,0
1584060,0
34415448,0
18227529,0
9574823,0
17552185,0
16697657,0
11497938,0
36112665,0
34998955,0
13763917,0
12166912,0
20960203,0
33739054,0
17188790,0
9393005,0
1039215,0
6000898,0
144148,0
35997412,0
30531953,0
257097,0
17020317,0
9461669,0
21214101,0
7516992,0
33195591,0
28004429,0
23715256,0
31626662,0
21857913,0
30435839,0
33960800,0
16289973,0
24855669,0
894015,0
503790,0
33829141,0
35481276,0
13186447,0
20385260,0
36018750,0
23369253,0
30712446,0
12309858,0
22860511,0
21020048,0
25372531,0
35235326,0
7419334,0
33168074,0
22602996,0
30554915,0
2240661,0
23058456,0
35670919,0
18896824,0
34478766,0
22360921,0
13782533,0
27656004,0
22829464,0
21616841,0
7524934,0
7853110,0
26183582,0
34279388,0
538344,0
7381038,0
32619108,0
8456825,0
10022997,0
8369701,0
35217816,0
13761654,0
35646056,0
9574936,0
2368021,0
22174482,0
16455521,0
4874334,0
27953232,0
6064471,0
9905142,0
25844166,0
435946,0
32042717,0
8069765,0
18039329,0
5550788,0
26194075,0
28695405,0
23937672,0
27659585,0
22117590,0
21750219,0
12916073,0
7725825,0
34516187,0
13276680,0
5335792,0
7545750,0
19345676,0
324115,0
19568889,0
11009529,0
34490350,0
21967654,0
13082600,0
23265699,0
23465912,0
1731365,0
21892073,0
28662351,0
3489242,0
14867152,0
19857613,0
33433393,0
22343658,0
30442790,0
10368714,0
17666300,0
20607771,0
21715749,0
9613369,0
36313671,0
30666207,0
34483430,0
4484620,0
19452755,0
3758296,0
18059112,0
29628,0
18916917,0
3601324,0
19731249,0
32122767,0
9260616,0
15755439,0
1535607,0
32291500,0
9957205,0
30909287,0
16361439,0
28737860,0
19474100,0
1223755,0
7500390,0
22312886,0
32642930,0
7043817,0
4211276,0
23789466,0
19618958,0
17731370,0
12223866,0
32424818,0
8801963,0
21683372,0
34646398,0
19702498,0
4671712,0
12984535,0
7699542,0
11799451,0
20982422,0
29678787,0
25961797,0
10037605,0
18229365,0
31670625,0
1024135,0
16095115,0
13574810,0
12110663,0
34368310,0
8667450,0
18203651,0
18707698,0
29838125,0
3881808,0
36138394,0
21158552,0
7968283,0
1005416,0
27472037,0
33319941,0
34575989,0
34806449,0
25903655,0
25204636,0
13094020,0
4774496,0
29791183,0
35999182,0
7637047,0
23355877,0
35833383,0
20216401,0
4822324,0
22479006,0
19719874,0
19811020,0
33776235,0
21892706,0
29675631,0
21009737,0
35598253,0
18616217,0
21006224,0
21378123,0
1390532,0
26865983,0
36276943,0
1258651,0
25448758,0
19466060,0
23449499,0
27454297,0
30791949,0
32553129,0
30562589,0
13584889,0
26598131,0
11776880,0
7053353,0
16190902,0
35005183,0
34858480,0
4483517,0
525388,0
16442999,0
27684910,0
2862900,0
19909586,0
6684697,0
33717639,0
9617219,0
33497909,0
20017584,0
11339109,0
31835917,0
13061064,0
10031436,0
34687192,0
11164047,0
29611037,0
28431690,0
15147021,0
11844556,0
14295885,0
2947668,0
14236734,0
29001222,0
33853158,0
26251659,0
7689495,0
6659371,0
21124150,0
24171777,0
13451379,0
295231,0
30392909,0
26794624,0
24731641,0
29056345,0
29736711,0
25426171,0
103161,0
18308486,0
25465008,0
128975,0
26632917,0
1664614,0
11605693,0
35152601,0
16507002,0
30692398,0
21859359,0
22362691,0
26330526,0
8683432,0
4449559,0
35339627,0
7091125,0
4937135,0
755684,0
24976971,0
5406167,0
31227033,0
31054795,0
1086640,0
360400,0
8234295,0
33427025,0
30539902,0
3200522,0
29895573,0
6337725,0
10148581,0
12651245,0
8614790,0
31796259,0
16613506,0
3281606,0
34173579,0
16628617,0
30656450,0
30759268,0
1335550,0
26737188,0
22087812,0
7084621,0
19306475,0
18432636,0
12122102,0
2801214,0
29978942,0
23632853,0
1633924,0
30065172,0
35314884,0
36312324,0
20804915,0
8034514,0
29929331,0
2763206,0
18077560,0
13216246,0
33991062,0
20136870,0
16487077,0
1325759,0
21390016,0
6528046,0
29037588,0
21068619,0
31217760,0
22389035,0
21984342,0
19123591,0
24426350,0
22781825,0
21789289,0
30085136,0
25187314,0
6104187,0
35575853,0
8294259,0
26086126,0
21645769,0
27362309,0
17302836,0
30800868,0
13880183,0
29636554,0
1752206,0
12133746,0
16288598,0
35058541,0
27420805,0
23273907,0
14121045,0
13288854,0
15437906,0
29970723,0
34544599,0
18450143,0
16144479,0
9789350,0
3264684,0
34441627,0
14851292,0
7162435,0
20780871,0
7789213,0
14880613,0
31717883,0
29509608,0
25971425,0
22706343,0
275976,0
7048195,0
13662692,0
19114277,0
1195260,0
28711718,0
10233244,0
13480090,0
23317650,0
17779504,0
33342901,0
5327035,0
622410,0
30938219,0
3946288,0
30179231,0
30155444,0
9755384,0
32788167,0
266449,0
17900193,0
35939805,0
16808375,0
30747515,0
26843289,0
9937558,0
34742861,0
722451,0
26893530,0
16101054,0
4711070,0
27610009,0
18828846,0
24916744,0
14323803,0
29450310,0
8269318,0
33959560,0
4654785,0
100184,0
9351013,0
7599873,0
20138516,0
10117636,0
29724480,0
8316959,0
14426680,0
17813679,0
26153609,0
28497028,0
34862591,0
31201815,0
20980756,0
30567064,0
15370219,0
21313240,0
29832431,0
7205212,0
1462341,0
33689108,0
31875688,0
36106887,0
35962803,0
1421933,0
3629381,0
20888611,0
13765918,0
35829570,0
30092606,0
13730254,0
16485990,0
4594620,0
9509369,0
34935477,0
690960,0
28014366,0
9679058,0
35720329,0
1989972,0
12797047,0
1291490,0
34206163,0
6973598,0
2879157,0
33883497,0
9508202,0
8347980,0
14655004,0
21800820,0
27195515,0
15282411,0
19692746,0
7201169,0
9777669,0
3868100,0
30161160,0
30842262,0
33364071,0
31824097,0
2236458,0
21529679,0
18406606,0
7694064,0
35371996,0
32425720,0
22231328,0
4218098,0
112435,0
489018,0
1950603,0
1356710,0
5217507,0
14430662,0
8252369,0
3372399,0
8372650,0
35222233,0
28409473,0
27316669,0
8522933,0
33942313,0
35186258,0
35251947,0
21628066,0
26814763,0
13514940,0
890855,0
6476426,0
12342004,0
35549378,0
1449263,0
24098320,0
32678727,0
30089810,0
8797770,0
21139995,0
15819031,0
10474780,0
36138789,0
34783887,0
13942921,0
6088910,0
3227002,0
4901020,0
2230982,0
31313015,0
4538019,0
3167768,0
18148158,0
14383283,0
33605327,0
33749699,0
33078564,0
4494588,0
9106907,0
30882957,0
8228217,0
34309096,0
13503251,0
2150727,0
14198486,0
16559041,0
15845215,0
34336135,0
35768150,0
26947508,0
22194224,0
27431313,0
13080002,0
17980714,0
3208747,0
6895056,0
12366132,0
25313748,0
27326744,0
8651132,0
26810987,0
26520475,0
6638377,0
33659082,0
8083295,0
34228857,0
9341671,0
34096002,0
14902084,0
24016962,0
3896579,0
31715312,0
7749472,0
1431246,0
2253500,0
2631224,0
4000579,0
22778341,0
807535,0
9734068,0
14968000,0
310220,0
26886071,0
34803347,0
32543311,0
21204122,0
4831603,0
24635506,0
1885385,0
6168331,0
22878090,0
26157329,0
36224443,0
5067417,0
19997141,0
18600659,0
9971730,0
2571224,0
28139041,0
3678990,0
848718,0
15476467,0
26595733,0
9758320,0
25290572,0
33505762,0
6133150,0
14892623,0
35165258,0
9350729,0
21852466,0
17774989,0
35320280,0
23747567,0
7770529,0
23992829,0
34126672,0
32611480,0
36357591,0
33199798,0
20176000,0
9907257,0
35190108,0
23465498,0
19364590,0
19456350,0
1785187,0
21236661,0
19966023,0
19905170,0
16693621,0
16822398,0
3971526,0
11096801,0
18324607,0
25968756,0
21722921,0
33867882,0
23290041,0
4765659,0
16147001,0
35125511,0
30187331,0
10367884,0
30907275,0
28165121,0
32401972,0
28082095,0
5593205,0
33982630,0
4785563,0
31692860,0
9529493,0
34234242,0
8368794,0
18272185,0
33011581,0
1336984,0
14350781,0
25946015,0
35376755,0
34148819,0
23901252,0
28250999,0
1325432,0
9597627,0
36004542,0
10154702,0
11544438,0
10478482,0
6956731,0
19569481,0
25806562,0
15832372,0
13261498,0
6704000,0
15205915,0
4639179,0
2037508,0
21044970,0
13164658,0
20714088,0
2645558,0
7901928,0
34363827,0
2214323,0
27611098,0
28881114,0
36934,0
34038333,0
8052159,0
19873185,0
350168,0
34860549,0
7970110,0
36351985,0
12902686,0
32964714,0
14331775,0
30580668,0
5135121,0
6994064,0
3061106,0
29359223,0
25764939,0
20772583,0
2880806,0
17239321,0
13876681,0
18228187,0
16393500,0
13183047,0
10848827,0
22346131,0
9544914,0
1704560,0
6806282,0
15475362,0
2477138,0
7177666,0
1843955,0
7502146,0
13099377,0
7995140,0
10340849,0
23668733,0
34978738,0
21596520,0
13392646,0
1190223,0
32792849,0
19908088,0
31760509,0
23412268,0
4287589,0
27055058,0
12000603,0
17771762,0
9332872,0
27133412,0
15341,0
13761856,0
27366401,0
26808908,0
35708807,0
15083267,0
15678054,0
35424717,0
3939086,0
29105864,0
7328712,0
36256460,0
6141561,0
23204924,0
12851015,0
9423397,0
17171691,0
31906580,0
821135,0
22455806,0
34335188,0
10132356,0
13384425,0
31815470,0
28415700,0
21323255,0
29216716,0
26593665,0
28613110,0
2641730,0
7633154,0
1693524,0
19189347,0
6512929,0
4572225,0
35791325,0
29906273,0
28654606,0
35704999,0
22545840,0
25349299,0
22178073,0
15930495,0
3766770,0
16374819,0
7519160,0
25807578,0
21936550,0
25077177,0
30370565,0
21733997,0
29737954,0
32545827,0
9475494,0
13445020,0
6938827,0
2793834,0
21384233,0
18152855,0
33967235,0
31151736,0
21933969,0
13973514,0
18023284,0
16636214,0
18191892,0
34944655,0
33931985,0
27301019,0
35217833,0
14967881,0
25085133,0
22355018,0
36424509,0
18071374,0
20673104,0
34033950,0
19274249,0
6402712,0
35863730,0
3642278,0
1844847,0
21628183,0
21439155,0
23963981,0
31974197,0
28936557,0
17843168,0
23323530,0
36085870,0
13762667,0
33427580,0
2611869,0
16873148,0
24065408,0
12954148,0
35768121,0
19814560,0
16479076,0
28089652,0
13674169,0
3677995,0
22896433,0
3993392,0
24140119,0
22683699,0
19970764,0
32214783,0
16469710,0
27876063,0
8588357,0
15635287,0
22360657,0
7399036,0
8757920,0
29312347,0
10050536,0
20662043,0
8992666,0
20653090,0
29025649,0
10487548,0
1977888,0
7700054,0
14332446,0
19015421,0
33804180,0
20835690,0
34035431,0
30697032,0
15753014,0
13156126,0
34016163,0
12915074,0
6786181,0
19779217,0
9104995,0
9046095,0
20497487,0
30388718,0
3694441,0
9278786,0
21470099,0
20265104,0
24966197,0
4347579,0
20321803,0
5534660,0
27061785,0
62903,0
10732870,0
19134814,0
30131491,0
19547384,0
30643610,0
8847268,0
10115193,0
13276525,0
25168638,0
45910,0
13065356,0
13237190,0
26387138,0
31818771,0
13623747,0
9155212,0
5727093,0
2772111,0
4832126,0
27579844,0
32470732,0
29738053,0
14386245,0
24495291,0
28021392,0
9401601,0
18700004,0
32919247,0
15174230,0
3772256,0
33169495,0
17684828,0
21354957,0
11982791,0
31351908,0
31409739,0
4792705,0
22857268,0
22207196,0
9473889,0
29983505,0
14339989,0
34475551,0
448049,0
21473648,0
31267046,0
26560159,0
13234352,0
27622210,0
25336605,0
34147828,0
6261696,0
34485694,0
31032487,0
32784607,0
1117516,0
27140578,0
189181,0
34062876,0
29654002,0
30509099,0
13912267,0
29256229,0
5660972,0
20529760,0
25798517,0
19642050,0
17480159,0
20611,0
21635623,0
25263729,0
2008122,0
24608095,0
35005637,0
10247766,0
30133397,0
33682823,0
25285159,0
13108345,0
7480066,0
25844697,0
3554230,0
26165195,0
4776065,0
31360817,0
65660,0
16976026,0
17044038,0
33888418,0
35943602,0
16360727,0
25127198,0
1340982,0
23461056,0
20227482,0
10924304,0
564184,0
36076181,0
34974103,0
29777857,0
28773549,0
22715506,0
33673436,0
28554405,0
30064021,0
16271051,0
21771502,0
29585526,0
7254952,0
27357619,0
14536245,0
31049346,0
1841356,0
20216170,0
15086862,0
36082721,0
13231678,0
22342076,0
7820664,0
16111812,0
29640481,0
25264538,0
30148490,0
31165324,0
34318362,0
30570178,0
26896460,0
22704069,0
23978509,0
11713899,0
9371173,0
26978101,0
13669423,0
32289,0
11568026,0
29850433,0
18917540,0
35771730,0
35061907,0
8915246,0
2845257,0
30709893,0
8535434,0
33072230,0
9882440,0
21794,0
27237539,0
22306777,0
34600024,0
35545626,0
24809771,0
18999045,0
11261146,0
32042820,0
35005489,0
18442569,0
33618213,0
21435800,0
12404998,0
1126944,0
22331268,0
33184032,0
26566291,0
32959357,0
31836703,0
23258639,0
33695141,0
29184981,0
21199473,0
10546606,0
11671588,0
33798718,0
11183567,0
12600583,0
3061995,0
12092786,0
30087377,0
33708769,0
22663674,0
26690586,0
9977113,0
9479348,0
36368998,0
23537317,0
33035945,0
16253053,0
30677287,0
30370601,0
5943770,0
1399273,0
16066417,0
35539005,0
13232917,0
698514,0
30370642,0
34065601,0
3614159,0
30066865,0
9920626,0
22571719,0
36384346,0
20482151,0
25449154,0
13669613,0
26456925,0
35275242,0
11547246,0
17748284,0
30795092,0
9051763,0
19877706,0
18895509,0
1811446,0
20094423,0
32938196,0
20303322,0
26777200,0
14421258,0
15969964,0
6087827,0
30511096,0
14167624,0
9767424,0
32519790,0
15438016,0
27657263,0
29782067,0
21212612,0
17680571,0
29486971,0
9819437,0
3749971,0
9900224,0
20497853,0
30772753,0
8308797,0
35000008,0
16219145,0
30324225,0
33514118,0
7361434,0
36311055,0
2757036,0
2803013,0
3827311,0
9049607,0
15951107,0
35992337,0
35692073,0
28136026,0
1041996,0
30376150,0
13974200,0
35491409,0
19057791,0
6074975,0
23919507,0
1267945,0
21622153,0
22258326,0
15107136,0
14952053,0
195240,0
21392488,0
29612338,0
34654811,0
4097279,0
20465477,0
5839029,0
15844840,0
732624,0
1880539,0
8951763,0
4902143,0
4766468,0
19156426,0
16991994,0
13847244,0
25420252,0
4925517,0
510454,0
26011175,0
14714894,0
13040618,0
28081396,0
35967057,0
30142833,0
32872356,0
13018811,0
9867629,0
19330743,0
27604258,0
9660751,0
29923252,0
28490526,0
4720121,0
8953050,0
28313356,0
15068067,0
19910952,0
9726043,0
18597408,0
33915843,0
15221767,0
27831402,0
141890,0
15158791,0
30469105,0
10710179,0
31837921,0
19964109,0
22277436,0
13065949,0
1730937,0
35812122,0
16362150,0
17104272,0
6843145,0
16097336,0
9396442,0
3623158,0
8704528,0
30854475,0
428226,0
8354383,0
9874418,0
944755,0
28816970,0
27686998,0
19475005,0
20141920,0
16110204,0
36319687,0
20405958,0
33138874,0
8416681,0
19093551,0
15931762,0
12048,0
28001559,0
19634230,0
28250863,0
31127742,0
35415121,0
21148829,0
35420277,0
27088022,0
23851659,0
20524177,0
34785319,0
23485972,0
19822902,0
646391,0
7269771,0
19163361,0
35598472,0
22941772,0
10682290,0
17513491,0
8472997,0
21298561,0
9713997,0
10174662,0
14535001,0
6031904,0
33474092,0
10786987,0
22619073,0
18503701,0
263005,0
26003692,0
28343300,0
34387993,0
32237566,0
34063202,0
20743194,0
14139651,0
5232570,0
35647951,0
12904840,0
35829338,0
35229657,0
27504290,0
31883238,0
13494051,0
20441507,0
5096158,0
28961444,0
804246,0
19711512,0
26294354,0
19295472,0
21249676,0
20482768,0
35262444,0
7173864,0
27205234,0
9031216,0
31123611,0
2214689,0
35465452,0
294250,0
33226517,0
30820062,0
10409669,0
5278927,0
7047076,0
35448360,0
13803517,0
19979480,0
2105163,0
15868654,0
36472710,0
11511466,0
31254505,0
19876727,0
16011595,0
36264087,0
25456296,0
31365313,0
1673338,0
13341570,0
21469886,0
32469151,0
29161516,0
13802699,0
29898413,0
2773754,0
9513511,0
2467377,0
12953234,0
18718070,0
6450408,0
29851985,0
10021820,0
30388159,0
9005771,0
20757519,0
13881020,0
4408381,0
32281512,0
2046225,0
26924800,0
33019100,0
9281688,0
26793665,0
782554,0
11532518,0
35468369,0
550777,0
30015658,0
26748374,0
23538486,0
7801023,0
16241951,0
4088506,0
20620681,0
21340451,0
9805274,0
23784779,0
32558916,0
21512977,0
9750308,0
16204030,0
36391474,0
11756047,0
33243041,0
9695552,0
19049956,0
36353482,0
15058410,0
35235379,0
18795229,0
8000640,0
9797293,0
3455983,0
26608302,0
28094626,0
26108336,0
2093035,0
32916190,0
5602027,0
3928525,0
1778294,0
4850000,0
14625676,0
26756045,0
27025577,0
17548575,0
13544302,0
32522010,0
29738439,0
4108799,0
28329076,0
32736925,0
26166987,0
23989379,0
12619450,0
34341449,0
10165313,0
31169716,0
7897229,0
11305912,0
11212414,0
15216895,0
21713551,0
19181881,0
30756760,0
14207287,0
5804170,0
26520216,0
711635,0
35766933,0
11732961,0
19197129,0
29991534,0
34931085,0
1209955,0
10089333,0
5505726,0
9778579,0
17710842,0
30823817,0
13055856,0
30989033,0
7381893,0
6114353,0
3617498,0
32223111,0
22310190,0
20969370,0
27735315,0
5697237,0
20773084,0
33964014,0
34517666,0
9731134,0
22327744,0
4509664,0
17713865,0
4297952,0
11735378,0
14212273,0
29191862,0
805793,0
7221239,0
31247718,0
18090927,0
27169644,0
15218699,0
339456,0
21449446,0
8812730,0
862890,0
436619,0
5117339,0
23124338,0
29409370,0
17828438,0
29661817,0
31295524,0
16414567,0
23755278,0
29828614,0
27203333,0
498052,0
23668741,0
33579691,0
11334476,0
34705719,0
18909484,0
36484363,0
35164876,0
20881198,0
28834703,0
35493691,0
1741745,0
27304971,0
27369200,0
5663222,0
30131676,0
35446948,0
2419574,0
30401429,0
19579695,0
31043855,0
2107883,0
23744530,0
25694039,0
20886432,0
33428109,0
28286844,0
31194321,0
16353458,0
17387259,0
17122814,0
4247883,0
9654190,0
17112036,0
33424312,0
33024132,0
16026135,0
30227502,0
7893820,0
26311285,0
32223854,0
25455986,0
34908810,0
36278959,0
13169559,0
20376152,0
21559273,0
5840936,0
21308590,0
20186887,0
18803064,0
224004,0
32245235,0
29424138,0
13978036,0
9334365,0
6717544,0
11301136,0
7125699,0
30065027,0
6400482,0
4635425,0
24670553,0
11641258,0
30020090,0
3010988,0
15535864,0
21279140,0
18668571,0
9555648,0
7677595,0
1925224,0
22084212,0
35826493,0
13251558,0
20479197,0
20996830,0
27046708,0
29738563,0
24650448,0
15930864,0
1856627,0
28666327,0
16338348,0
27487078,0
36004612,0
7858532,0
8782401,0
21923649,0
35036124,0
4053249,0
22290370,0
1919647,0
7798542,0
35681857,0
21024098,0
18196880,0
16490903,0
20862947,0
5050156,0
15297704,0
36380964,0
21936080,0
4566818,0
19765340,0
22035507,0
33745550,0
692567,0
6716154,0
16357148,0
19504570,0
29760740,0
13530588,0
32834210,0
32892358,0
28179447,0
19271084,0
15984877,0
30153527,0
31534613,0
20016090,0
36210670,0
31538945,0
21726826,0
5233345,0
18370699,0
35085643,0
30045214,0
36438110,0
14028280,0
29565377,0
31057603,0
30036783,0
6750178,0
23060372,0
241862,0
23311374,0
36237913,0
30855529,0
16807550,0
27107511,0
4404544,0
6156442,0
33909511,0
10054894,0
13204229,0
26743564,0
21095546,0
13881622,0
18719602,0
9270122,0
36200103,0
22898351,0
1655550,0
4055732,0
12492594,0
22544160,0
30588681,0
6012187,0
16487157,0
6316786,0
22432585,0
959349,0
13935360,0
21171230,0
15446631,0
21698534,0
18198575,0
10657080,0
649561,0
15980715,0
15598548,0
990367,0
35466919,0
34091327,0
35880886,0
14796894,0
30505732,0
31876649,0
35715791,0
7331850,0
18996087,0
1480002,0
6925777,0
195123,0
30932555,0
33832840,0
7418874,0
21736164,0
26884438,0
781486,0
33769887,0
10332161,0
4456555,0
36210915,0
34997828,0
19429274,0
9577968,0
25236786,0
9635607,0
21734761,0
8266933,0
1886240,0
19504042,0
1420295,0
9496372,0
35154411,0
11187353,0
35060992,0
10562085,0
1744216,0
8887748,0
31057394,0
2748128,0
3737180,0
19952747,0
21824734,0
19919747,0
16429097,0
29967433,0
2122613,0
237210,0
23624930,0
33558102,0
34337649,0
27083112,0
35309370,0
13309667,0
7968983,0
35484875,0
18179735,0
3271052,0
30378764,0
23085504,0
33961484,0
29509877,0
4181598,0
32590792,0
35717310,0
17574134,0
22940490,0
10038410,0
2574386,0
7612456,0
20760274,0
6362061,0
13183672,0
13174433,0
36204465,0
24392338,0
19332658,0
4782252,0
20481653,0
18615964,0
24820939,0
3386226,0
4649627,0
10476556,0
2636139,0
1805150,0
4392351,0
20255158,0
20498653,0
35166913,0
33041634,0
15789405,0
29924001,0
34489721,0
4424511,0
29777340,0
1121502,0
28100624,0
9358718,0
28208177,0
26449775,0
13156351,0
35920784,0
33094622,0
132695,0
14619860,0
20120739,0
15927071,0
17014341,0
8339036,0
33451456,0
7712022,0
26569512,0
24308988,0
28456602,0
16391952,0
27530761,0
15595648,0
30212526,0
16273510,0
15647143,0
32869060,0
36276575,0
26574893,0
4362474,0
26832286,0
20581430,0
18599156,0
28483571,0
13163474,0
22713294,0
10630048,0
7048418,0
16791809,0
31303661,0
4884601,0
12252993,0
35668212,0
35464662,0
14534676,0
24712037,0
35425032,0
23222091,0
17635051,0
26559223,0
20014534,0
36390829,0
21770277,0
14984002,0
1297171,0
27852017,0
6767603,0
12669490,0
22390736,0
11753792,0
30812691,0
29081059,0
35250139,0
26274490,0
23605302,0
32726808,0
35937388,0
20886177,0
4226098,0
9768313,0
18496255,0
32789261,0
28919815,0
12359146,0
13093381,0
24827469,0
36345911,0
10548910,0
19501640,0
9422573,0
6029987,0
16534337,0
20066576,0
24044352,0
10476782,0
17223109,0
4549155,0
6738207,0
28028868,0
15853165,0
9990026,0
31654495,0
20663839,0
9944320,0
262478,0
36322141,0
8212051,0
15497088,0
29544710,0
22729984,0
20311253,0
25548071,0
15052056,0
22420010,0
21901156,0
7054585,0
3616946,0
30071646,0
26754694,0
30393342,0
19501242,0
29383605,0
13997552,0
34968153,0
14744735,0
29858126,0
4916340,0
33962961,0
23322737,0
6184827,0
4216745,0
22470605,0
11240650,0
27480436,0
89427,0
17278544,0
22122723,0
21073975,0
13061422,0
20675173,0
34249203,0
64837,0
17497776,0
1045897,0
21700582,0
23877625,0
6662241,0
12794791,0
6880990,0
3531190,0
31600930,0
14056447,0
9231257,0
9370370,0
1787771,0
4641291,0
35678273,0
8798403,0
18331925,0
27855899,0
29059768,0
31223941,0
35315271,0
35907389,0
13379511,0
25568873,0
7066414,0
30964065,0
22609027,0
7761394,0
36198430,0
26196660,0
9064238,0
936218,0
27579255,0
5562710,0
1145134,0
19163801,0
21174772,0
34065083,0
26200914,0
16308886,0
1533807,0
20167771,0
1931341,0
31990543,0
113265,0
3687172,0
8668115,0
10017871,0
2887761,0
14202979,0
125163,0
1818411,0
24915372,0
19820148,0
29710266,0
9846114,0
32749109,0
30821795,0
9007591,0
6269968,0
11970778,0
39267,0
7472710,0
13633299,0
13910919,0
4129513,0
2006452,0
26497890,0
34490363,0
6220514,0
21364301,0
30913799,0
14354732,0
29206093,0
18485922,0
21125733,0
12006770,0
23646295,0
28507308,0
17996373,0
13623187,0
14058880,0
36394726,0
4008443,0
11649232,0
17667194,0
9413809,0
29416986,0
28543617,0
21292185,0
8775344,0
22117898,0
21751524,0
887129,0
18357947,0
21973767,0
31039678,0
33880288,0
25317793,0
26149494,0
7482448,0
3479614,0
12363920,0
34147733,0
4507262,0
35033521,0
15450724,0
4977756,0
19209888,0
19822964,0
1961288,0
28871214,0
5998978,0
19621012,0
15618546,0
23990868,0
5066963,0
16677256,0
20918850,0
31100684,0
31881336,0
36099118,0
4081707,0
21185183,0
25947875,0
21771486,0
29652347,0
10681362,0
25535697,0
20121308,0
4615887,0
5883655,0
9404068,0
20135026,0
31061295,0
35186445,0
16736830,0
221043,0
773497,0
16647489,0
5067348,0
30437498,0
32054475,0
33643819,0
22343553,0
36348535,0
21384941,0
32678720,0
329385,0
24186601,0
19929279,0
32466450,0
8698962,0
4710310,0
31799118,0
8072744,0
34714231,0
2478825,0
27929894,0
13712165,0
22190466,0
35657662,0
32308362,0
18560569,0
25448475,0
35583150,0
13316028,0
15858680,0
409293,0
26355142,0
5794806,0
24854139,0
71010,0
20194913,0
23222310,0
24203813,0
29879394,0
20454481,0
3278691,0
16487967,0
799945,0
21057757,0
4817139,0
20499306,0
27542342,0
29548163,0
3510929,0
35827378,0
725509,0
27455308,0
21849210,0
3767267,0
20705026,0
9618477,0
12828338,0
13548278,0
23214729,0
3869398,0
29191564,0
7545751,0
20424288,0
992598,0
19555750,0
32308571,0
2011212,0
26916818,0
4227161,0
34856733,0
27529325,0
5615835,0
34840495,0
25316571,0
9496176,0
26447297,0
6716695,0
14316033,0
24355169,0
7629563,0
36318339,0
25395740,0
34859742,0
21913859,0
29419330,0
3739712,0
36170293,0
29995154,0
13117094,0
30928769,0
22047988,0
12965288,0
31600379,0
19284144,0
11441692,0
18110008,0
5659180,0
35003827,0
30179869,0
34212511,0
9692074,0
23702317,0
16300644,0
33835408,0
30685679,0
15241968,0
23088623,0
34708692,0
10133534,0
23062969,0
35425001,0
21966880,0
17006745,0
21607905,0
22567430,0
15062944,0
33528511,0
21619743,0
33555952,0
29342293,0
26576819,0
32915389,0
34702046,0
21983066,0
4000571,0
15806629,0
12022728,0
33279231,0
17095296,0
31017171,0
34908806,0
21969058,0
16144596,0
26188604,0
33579533,0
262343,0
20786225,0
20983663,0
21966592,0
17423343,0
35314580,0
3248671,0
9445789,0
35539920,0
16476403,0
24164953,0
27427898,0
21647976,0
21530389,0
9255049,0
30538753,0
9391609,0
707736,0
32240776,0
22157982,0
18822775,0
5105632,0
6835487,0
34247014,0
23126850,0
19036742,0
17277132,0
13294007,0
18087564,0
10096773,0
23822436,0
15941474,0
22244184,0
17253932,0
33683557,0
7731348,0
22205277,0
852118,0
2094213,0
31340666,0
30438391,0
15250168,0
9940337,0
27510869,0
8974121,0
18667956,0
15510279,0
27922598,0
21426368,0
35146846,0
8068089,0
4730857,0
17141577,0
13571350,0
24649878,0
1026683,0
20678183,0
17318814,0
32449378,0
22191313,0
1307095,0
31794109,0
27063173,0
20356506,0
35644555,0
35481930,0
11659296,0
3544899,0
166006,0
36310247,0
34415755,0
479867,0
23438247,0
26602955,0
23373090,0
4846877,0
35486871,0
9550171,0
22279575,0
35913850,0
36131784,0
373618,0
23014432,0
13459473,0
3811757,0
7560654,0
30067209,0
20316497,0
5364814,0
25379058,0
18635370,0
28438751,0
9755479,0
3351584,0
2674267,0
9492750,0
13344039,0
34065052,0
9175459,0
19891174,0
4134035,0
8952816,0
21461540,0
33970850,0
16731782,0
6124097,0
2026434,0
18399865,0
16257739,0
9885815,0
3835757,0
251277,0
25172224,0
10021643,0
826690,0
13617449,0
3799598,0
6402807,0
16530962,0
1609672,0
33828807,0
6627668,0
19111261,0
21726358,0
5287414,0
20000421,0
2924588,0
4956896,0
32365738,0
29902956,0
30033478,0
24395202,0
22213508,0
35262429,0
923979,0
6929738,0
19721338,0
29531124,0
231414,0
22514949,0
27508803,0
13503536,0
5418312,0
18584180,0
21204890,0
13429535,0
5115372,0
14696215,0
27906663,0
8920714,0
21250629,0
33719279,0
34200677,0
30010913,0
33389733,0
22085782,0
12812544,0
796232,0
32240417,0
3543227,0
6717309,0
8083931,0
33405642,0
24392856,0
24673017,0
31445795,0
31336245,0
472376,0
32697097,0
267376,0
19408027,0
33804063,0
35160490,0
13638122,0
17223725,0
5101342,0
17078612,0
8171965,0
33472719,0
15529123,0
29081056,0
1180618,0
14616377,0
14832329,0
4694688,0
22793472,0
6869363,0
20912594,0
27762497,0
23158057,0
7696843,0
11370207,0
19197277,0
14203322,0
4280053,0
30818565,0
2698984,0
35313576,0
32845331,0
18893669,0
20616239,0
2702489,0
28775714,0
33467176,0
4359718,0
20989354,0
28367264,0
13408765,0
30979178,0
24600833,0
19162441,0
7965847,0
13778127,0
3875294,0
21596854,0
29327591,0
16322824,0
17707963,0
34956249,0
35758732,0
17569080,0
21621154,0
14110407,0
2087663,0
26743638,0
35156223,0
21895071,0
22338304,0
32446458,0
31428785,0
25948225,0
8309474,0
9093866,0
21701695,0
16718498,0
23262857,0
31876645,0
6539114,0
833519,0
4936023,0
20724,0
30102118,0
7325230,0
17543568,0
28741369,0
19617695,0
11635717,0
24208976,0
21995927,0
34809791,0
30795961,0
32569915,0
25745372,0
24868180,0
19951620,0
12130620,0
26148245,0
26250832,0
34945599,0
29487162,0
13700298,0
3401271,0
6247466,0
19929209,0
921624,0
6501996,0
22173887,0
23179415,0
13674338,0
19064354,0
34490353,0
35711784,0
253466,0
10605897,0
33544651,0
13841569,0
34834383,0
14472317,0
15974364,0
9485047,0
8031617,0
19474652,0
22324649,0
17233932,0
7483034,0
27584413,0
29712306,0
539350,0
10732197,0
29186254,0
20874859,0
27405333,0
20990053,0
25293994,0
25783309,0
1731245,0
13573828,0
22600713,0
6941601,0
17265284,0
35084043,0
11841988,0
17231011,0
31235309,0
21038471,0
13398340,0
6742680,0
22802275,0
14107667,0
2210041,0
26635476,0
35422845,0
19368455,0
698882,0
34253279,0
29885663,0
21275645,0
23980153,0
3068047,0
2739978,0
9880140,0
24627128,0
23857159,0
24851371,0
7070947,0
4737830,0
8525477,0
5040951,0
31053208,0
22762560,0
21838873,0
2919578,0
29302018,0
9461236,0
34160917,0
8636811,0
22649404,0
3641819,0
18268257,0
6854221,0
22583959,0
24770333,0
7574515,0
2545184,0
8467950,0
3603134,0
12932670,0
23435040,0
377217,0
35641231,0
4845237,0
34233572,0
24430682,0
9231791,0
4738406,0
23664280,0
19017429,0
20803220,0
7713509,0
1220548,0
15039238,0
21451138,0
29700382,0
6027682,0
13130565,0
31947991,0
30430294,0
4571925,0
12549290,0
12055540,0
23172490,0
21933777,0
18288371,0
4163742,0
23965460,0
3288496,0
9116752,0
17731252,0
32826893,0
21490787,0
10133195,0
14403485,0
35093378,0
34344713,0
28866426,0
24523422,0
15036330,0
6422511,0
30769959,0
30444675,0
15436836,0
30312807,0
20588062,0
1323349,0
13580148,0
29097320,0
10035471,0
690675,0
36109452,0
8474859,0
25835087,0
10782718,0
22192407,0
26642831,0
17860067,0
7620763,0
16930662,0
11695094,0
29779937,0
15009618,0
9334228,0
32123225,0
9809458,0
13934790,0
7131007,0
20587853,0
2856890,0
4059620,0
20816972,0
25297710,0
28661332,0
30557658,0
19117322,0
30255425,0
20218990,0
22631676,0
838070,0
18470545,0
15095589,0
8265482,0
12955281,0
8285992,0
28778214,0
33238238,0
35564919,0
13770780,0
8468180,0
424767,0
859023,0
416557,0
26960958,0
24993467,0
9426406,0
28427324,0
22713035,0
14485877,0
9235437,0
5402239,0
5941888,0
29008767,0
8164877,0
20115612,0
1702032,0
14152806,0
19809175,0
22076192,0
18785349,0
21877219,0
35349137,0
24774169,0
9549544,0
8506757,0
33377642,0
1906993,0
253806,0
12247741,0
6692213,0
31500172,0
32936990,0
20000820,0
13411560,0
34352766,0
22228935,0
18812670,0
2168268,0
25723733,0
14854002,0
4137415,0
27706929,0
35709450,0
25166331,0
1121497,0
8847542,0
17591278,0
15561163,0
4880277,0
4169840,0
27488806,0
8052046,0
33962313,0
12609695,0
13398406,0
34177609,0
29381358,0
13232690,0
33689069,0
34422468,0
1570204,0
22026647,0
17716523,0
7025693,0
30927,0
30885792,0
13513353,0
23606804,0
22082514,0
31877856,0
27602495,0
28154635,0
22700620,0
10561771,0
21825081,0
34358402,0
6759264,0
18735563,0
36203757,0
16338,0
21111912,0
9732834,0
540489,0
34468427,0
504362,0
32523945,0
29150883,0
1121448,0
2526152,0
27552717,0
19949135,0
3216134,0
29588371,0
32237148,0
7439512,0
33157841,0
9125862,0
29797522,0
16811150,0
33784647,0
12781270,0
31543550,0
995169,0
16364067,0
9879556,0
20898641,0
5070378,0
19169,0
19808259,0
3153464,0
26394988,0
6364404,0
21462783,0
20575645,0
30731628,0
17972013,0
32503167,0
24870818,0
21907615,0
21053432,0
29942901,0
10013750,0
11374453,0
30489379,0
9686167,0
32238324,0
34681488,0
19590209,0
20031027,0
519310,0
39593,0
15141661,0
16107664,0
24607287,0
18976933,0
30388587,0
7194538,0
32008547,0
16945093,0
34370526,0
24352967,0
26803876,0
33527778,0
15338,0
14362124,0
32327326,0
26326777,0
24498872,0
29706750,0
22078755,0
29847462,0
19362079,0
22295848,0
2722693,0
22209216,0
26196029,0
19520573,0
9331671,0
29215541,0
35287808,0
9036422,0
7693424,0
16517710,0
27469022,0
5699348,0
28131065,0
30552566,0
33183013,0
34384745,0
22562364,0
20386575,0
18870342,0
33216329,0
14800184,0
28144810,0
30062776,0
5756464,0
789686,0
8684292,0
11080142,0
6993265,0
11043651,0
24143,0
23108435,0
27506113,0
4048043,0
14076357,0
421554,0
35823611,0
7324832,0
33937907,0
6590569,0
18462718,0
30905264,0
4644669,0
3943279,0
26249499,0
33661269,0
21057716,0
64277,0
19030149,0
479002,0
4430747,0
24670583,0
858223,0
28891434,0
32822356,0
36224509,0
36350460,0
7054267,0
31557451,0
6085932,0
7544709,0
14821494,0
30776172,0
18327453,0
34053030,0
476570,0
26663094,0
576426,0
9155206,0
1914461,0
34926055,0
27465935,0
16274292,0
270681,0
28901111,0
16170544,0
30192717,0
4538274,0
25379780,0
1330056,0
21884025,0
24874467,0
4342895,0
33782555,0
25349077,0
30737572,0
10017359,0
6079197,0
34784621,0
35406921,0
22305350,0
8173563,0
2592640,0
33268045,0
33401610,0
27499097,0
531208,0
35834284,0
15773388,0
26947531,0
540057,0
15916709,0
12360322,0
35601668,0
11712888,0
21883990,0
27752788,0
24250052,0
13693976,0
24945253,0
16348791,0
5229212,0
9045876,0
35005234,0
5390882,0
580323,0
25354569,0
34641992,0
27304339,0
31330713,0
19979903,0
28313234,0
3404873,0
30857071,0
34668348,0
15986775,0
12821417,0
20406982,0
23497936,0
4530154,0
36374510,0
17604613,0
19830169,0
1127140,0
14353077,0
7095125,0
25404381,0
19326306,0
9529607,0
30767663,0
20649522,0
25892102,0
9765762,0
1281257,0
24367113,0
26663507,0
24369857,0
18649105,0
13712266,0
33240958,0
6404584,0
18666583,0
29778804,0
21624567,0
23651443,0
13113626,0
11716677,0
22904985,0
26665850,0
13067176,0
29521683,0
235960,0
21298471,0
11627443,0
34251990,0
29012,0
3223080,0
449680,0
33373213,0
8548971,0
4908331,0
27840650,0
25543393,0
18596194,0
24699629,0
8505,0
4643192,0
8254405,0
4016173,0
21283357,0
35494744,0
34980223,0
35991606,0
23077115,0
35446198,0
26074339,0
282977,0
9107450,0
3838416,0
35416869,0
32741043,0
12308695,0
6853661,0
11850918,0
16159444,0
32252190,0
26201442,0
34870577,0
26757602,0
4121173,0
27166808,0
26472079,0
34722659,0
34971332,0
13276227,0
4792342,0
29653847,0
18070109,0
12979100,0
36305881,0
1442495,0
35378514,0
1920085,0
25519674,0
9757351,0
26125349,0
7497287,0
32668910,0
13019851,0
8470281,0
3790118,0
6702693,0
22088409,0
35003154,0
14868158,0
34142272,0
32811391,0
26360690,0
36272851,0
33745270,0
24560488,0
27901436,0
24139165,0
22123603,0
35831503,0
12558745,0
29520126,0
5905501,0
35029537,0
21121507,0
9967218,0
15327553,0
11198278,0
29904305,0
34394888,0
5656639,0
15709537,0
28081940,0
21629318,0
14140905,0
16677170,0
21218639,0
11167618,0
16238449,0
16542864,0
11063065,0
29679067,0
27313587,0
13083988,0
260765,0
33963079,0
34304190,0
4714854,0
19720126,0
31259110,0
8419475,0
29959581,0
28286952,0
19036361,0
26254872,0
11933676,0
9296598,0
15436871,0
14314240,0
29761241,0
35318863,0
21398486,0
20017753,0
33855937,0
5857212,0
3923128,0
13112855,0
4753866,0
13702697,0
34061095,0
5358354,0
1725295,0
18675083,0
2524947,0
19135811,0
5549530,0
682122,0
24284162,0
21882745,0
20761768,0
2151479,0
9811274,0
21296227,0
16534157,0
26669199,0
4909080,0
35507112,0
5593725,0
36414101,0
8339140,0
9364750,0
18979981,0
2222641,0
30193258,0
13222140,0
19288937,0
26639925,0
921441,0
21042120,0
30351256,0
20912583,0
6449718,0
15435899,0
15066701,0
9367923,0
279969,0
28692232,0
25076765,0
15067291,0
33960097,0
13187991,0
20121957,0
13376886,0
7280322,0
21645894,0
14141050,0
846854,0
4747068,0
22987331,0
35370678,0
7279583,0
13505542,0
1669149,0
34678758,0
18875994,0
18942358,0
9665709,0
29257038,0
23337201,0
33314007,0
29342616,0
4285876,0
25813322,0
32890531,0
7023437,0
34753453,0
36228909,0
8955506,0
15546982,0
30232726,0
29516374,0
13770996,0
31405515,0
6572344,0
7603716,0
31980005,0
5998890,0
20187293,0
2008190,0
8011605,0
6333994,0
35719162,0
22067480,0
24715821,0
33934534,0
31730525,0
6716199,0
25294143,0
5288228,0
36385310,0
24312987,0
20848925,0
23479042,0
12737915,0
19154733,0
2191591,0
11774815,0
34153345,0
1934444,0
9510385,0
29517676,0
10983426,0
25100219,0
169152,0
55737,0
22017804,0
29923599,0
23100862,0
17450196,0
848087,0
18914656,0
16136287,0
2613864,0
846275,0
17638709,0
31583242,0
8741676,0
27909175,0
30066459,0
35351599,0
23021271,0
8877466,0
19768219,0
6044268,0
386744,0
3911451,0
35576552,0
23660722,0
12505852,0
16504986,0
17842111,0
12788962,0
516791,0
28484028,0
26664837,0
3344509,0
14783847,0
34933648,0
13056210,0
4504353,0
35378917,0
6460353,0
27161388,0
5028478,0
27532758,0
17692964,0
33878676,0
35519175,0
15765350,0
525412,0
20966555,0
20989220,0
30774970,0
18458323,0
23252443,0
5850148,0
18599224,0
10864440,0
14784377,0
23154138,0
27262079,0
12028495,0
29854034,0
12389931,0
22107023,0
35155272,0
33348910,0
13318272,0
22345676,0
3767156,0
12053637,0
7577608,0
22060712,0
5361021,0
10412649,0
29152320,0
32341313,0
10124372,0
5967998,0
12015378,0
2784311,0
26814362,0
15521674,0
22409676,0
23063403,0
20953661,0
33636725,0
32765655,0
32530603,0
12173904,0
20523741,0
8250280,0
9826628,0
22637533,0
20089471,0
26220343,0
23451337,0
10360144,0
7764516,0
665394,0
3103596,0
32305798,0
30505964,0
30551807,0
7275122,0
6807281,0
35335248,0
22157683,0
21136144,0
9759957,0
29213095,0
6660518,0
13493546,0
26869803,0
28558474,0
16408202,0
5050664,0
799319,0
24017674,0
2124536,0
21252149,0
36207527,0
19842557,0
13788132,0
28931117,0
21364872,0
13794590,0
16191889,0
9984143,0
3012871,0
27883,0
30279712,0
139624,0
35162122,0
33681005,0
25765042,0
30120427,0
32742923,0
8398566,0
19505956,0
15286858,0
34209440,0
5588253,0
5627944,0
2362306,0
27341015,0
47199,0
33900546,0
13884253,0
7816449,0
3238109,0
27675041,0
7594252,0
11414971,0
9401508,0
35182672,0
15191740,0
19180868,0
35341842,0
27030230,0
17258228,0
21293326,0
36445121,0
2467680,0
30552680,0
21965717,0
29012563,0
34022186,0
15430782,0
21578513,0
30464266,0
32561729,0
29094342,0
5363669,0
33186696,0
7749239,0
34677972,0
13597896,0
5601147,0
18732648,0
30348624,0
7651418,0
30898965,0
27297152,0
29956865,0
15054327,0
35800764,0
3479019,0
17396669,0
7801169,0
9935894,0
6823578,0
971158,0
17591452,0
15870454,0
22771871,0
14262383,0
21592497,0
16334686,0
26783332,0
245574,0
21191264,0
28805245,0
17496320,0
26594677,0
26084814,0
10405711,0
21622558,0
29039647,0
30405178,0
30404034,0
15140447,0
28658564,0
55959,0
7873524,0
32232908,0
33635511,0
7733236,0
36095625,0
21594091,0
26706133,0
25346963,0
30088327,0
21658519,0
843036,0
34539406,0
35352786,0
33772674,0
24226102,0
27406282,0
4885240,0
32160889,0
29543072,0
9576278,0
4473156,0
31830652,0
27133123,0
33217330,0
27059366,0
23467126,0
20949050,0
6554879,0
30429970,0
25392508,0
23271535,0
33419280,0
23626886,0
4638967,0
29533631,0
30313152,0
34605801,0
36473253,0
36280858,0
30478251,0
24120512,0
15363266,0
19035295,0
30651057,0
32681549,0
13064443,0
14913358,0
22904958,0
27904413,0
5384643,0
7950368,0
24621401,0
281521,0
18068913,0
3826908,0
903947,0
30821860,0
35190355,0
21970487,0
35939513,0
21394596,0
34152864,0
26134638,0
20425394,0
22343909,0
33405850,0
7665230,0
4217268,0
14255485,0
30060926,0
32894678,0
28340698,0
9775296,0
24451302,0
34743695,0
26387184,0
32403617,0
29722452,0
32788887,0
19856899,0
31088862,0
24915585,0
6076202,0
4071007,0
34421507,0
9745297,0
27874237,0
1461965,0
20393120,0
3556241,0
6853761,0
31289259,0
633276,0
36468409,0
28339747,0
13814227,0
3095348,0
20572271,0
35744524,0
27214615,0
19134150,0
2193027,0
9825420,0
30120067,0
13389082,0
36188485,0
3663984,0
22408670,0
29653137,0
21462212,0
11219289,0
20124372,0
14823526,0
27392814,0
7092618,0
4783057,0
17267017,0
18596197,0
23650831,0
19248688,0
20671003,0
29906233,0
1876811,0
56525,0
24336051,0
8135887,0
2346106,0
19409299,0
18611347,0
6509750,0
36282009,0
9357,0
31886239,0
30511301,0
1583335,0
22177219,0
7073418,0
4720142,0
10049766,0
9010782,0
30718403,0
20686134,0
19122672,0
34996136,0
756928,0
29610605,0
4145494,0
57166,0
22690837,0
4829088,0
251262,0
19000161,0
35038048,0
3463385,0
36404815,0
35425596,0
13940091,0
26232008,0
12114756,0
842176,0
18655992,0
19331686,0
23505645,0
7066122,0
7748422,0
23860047,0
34898461,0
616585,0
21996542,0
12108264,0
3902791,0
32465145,0
4803623,0
14486539,0
23127964,0
5371463,0
13753375,0
8540941,0
17006956,0
27707814,0
30320090,0
393016,0
13883020,0
23024065,0
447766,0
700530,0
23130144,0
33348709,0
3896701,0
5203,0
35190467,0
13507677,0
12425296,0
27237549,0
24990534,0
36413114,0
20485253,0
28367842,0
35740337,0
9478196,0
4421826,0
34933929,0
18702075,0
33636535,0
14055341,0
29680105,0
2722983,0
13764984,0
34366331,0
24379279,0
2359340,0
9705782,0
27874671,0
19038815,0
8327302,0
33527998,0
13742783,0
3420223,0
13995350,0
21485174,0
32792151,0
215907,0
14756990,0
15128456,0
21859658,0
7347733,0
1034911,0
34951077,0
23583380,0
17632790,0
18240632,0
11751916,0
5692492,0
20151455,0
12497757,0
34929016,0
31076667,0
20417878,0
34317924,0
17750238,0
2248069,0
19749398,0
9988233,0
7637101,0
8042732,0
285716,0
4839357,0
30373480,0
23764791,0
18510340,0
21644811,0
30387173,0
19028078,0
11678327,0
31389728,0
22335475,0
24778310,0
5195654,0
27507137,0
5742795,0
4135876,0
17716225,0
9810506,0
7619082,0
27334857,0
36315794,0
16739891,0
32492270,0
25489369,0
27838541,0
30914235,0
8887907,0
19048034,0
33612527,0
15190865,0
30235527,0
2410620,0
35196873,0
8479799,0
20555087,0
15054630,0
18691084,0
15817291,0
11823125,0
29876453,0
6026166,0
7880998,0
16162363,0
23311756,0
34186868,0
24561322,0
7126996,0
33034321,0
2536005,0
13262935,0
33972459,0
8411390,0
9633119,0
30230938,0
14384874,0
23976566,0
30046174,0
27414303,0
35477828,0
5475870,0
292047,0
32225203,0
7664066,0
15142578,0
23467186,0
19344708,0
32260853,0
27810474,0
3662795,0
25310242,0
12797920,0
29488512,0
29380907,0
25545372,0
32886361,0
28367520,0
5219488,0
9520489,0
30102666,0
30400683,0
27156129,0
34421245,0
23044937,0
35081477,0
20593268,0
4687730,0
30390975,0
13291853,0
13604794,0
2319588,0
16768336,0
21354050,0
23221495,0
25251220,0
10548768,0
17587000,0
28984202,0
16777938,0
18527060,0
9793665,0
485026,0
22617426,0
6244089,0
535095,0
22275821,0
29238785,0
26061337,0
3041280,0
837282,0
16036654,0
13145377,0
18263839,0
22452728,0
34492121,0
7387919,0
28897533,0
35005373,0
22169350,0
24313701,0
27526727,0
3209866,0
4483117,0
24226842,0
4795088,0
14835670,0
25355807,0
846871,0
23580002,0
18507671,0
956412,0
29412276,0
6542603,0
7733862,0
1697047,0
14026544,0
13307480,0
33165620,0
16297227,0
13400181,0
16444320,0
15564125,0
4044625,0
31309714,0
9336526,0
15449434,0
5605790,0
5295,0
34977766,0
8881955,0
6478214,0
11144544,0
20287322,0
6328046,0
2103480,0
36419115,0
10725897,0
7385568,0
21604766,0
3293500,0
30252654,0
22080826,0
12166897,0
32568130,0
13532789,0
6627931,0
21780343,0
30524542,0
18463609,0
9795958,0
30594172,0
16779548,0
28775021,0
3185489,0
6692573,0
9288411,0
31331349,0
9675064,0
30822815,0
11866751,0
13130036,0
16162621,0
7471933,0
34749214,0
32137567,0
101053,0
30814580,0
19806972,0
21370014,0
14100743,0
33808465,0
23682816,0
18120248,0
19520991,0
28385105,0
24116969,0
28053065,0
13169806,0
13751603,0
31114246,0
35788042,0
6939597,0
35651982,0
25371790,0
27338033,0
4759361,0
553565,0
4601325,0
32313314,0
29514542,0
3757461,0
17387135,0
10828230,0
19566229,0
9842492,0
10018549,0
26057084,0
9737362,0
33618572,0
16673329,0
21121438,0
34260966,0
1091840,0
9901423,0
36318560,0
21531023,0
27703578,0
13669942,0
35607797,0
24698043,0
6255597,0
27988990,0
23466360,0
17938337,0
24265177,0
10015258,0
15602953,0
18108590,0
886833,0
20676841,0
2100174,0
5144831,0
28605855,0
13843681,0
30086057,0
17071462,0
855206,0
28966707,0
28607153,0
26255392,0
21597223,0
13184355,0
16259438,0
14387555,0
10469388,0
848170,0
16489149,0
35225375,0
15937164,0
23342782,0
30761890,0
5511036,0
12812577,0
34029489,0
26892245,0
27189113,0
30043557,0
19010699,0
13980926,0
30146330,0
5070183,0
15552862,0
6585028,0
33230303,0
9887763,0
1271361,0
29420970,0
29489329,0
30394541,0
26894016,0
375249,0
2888877,0
18718195,0
17156147,0
3089577,0
24525290,0
24912450,0
27964166,0
35496676,0
36273985,0
30908766,0
24014159,0
29798872,0
12034640,0
34937685,0
29464105,0
940115,0
9713048,0
20155864,0
22958516,0
30193375,0
27402244,0
7666157,0
22340808,0
1360781,0
30805802,0
23612284,0
6561509,0
34542125,0
6792702,0
35672353,0
13573790,0
5524950,0
24528199,0
2380403,0
28635684,0
20783811,0
15180279,0
9960135,0
8837432,0
7286166,0
22409377,0
20212322,0
22304644,0
15423731,0
7084130,0
14475417,0
25982839,0
3061093,0
29635732,0
9433088,0
30935446,0
31987544,0
4795390,0
29517691,0
349841,0
18626606,0
5545876,0
29384404,0
18610543,0
6505898,0
35488159,0
32986532,0
20153703,0
33832027,0
27832001,0
31244557,0
19250619,0
6056028,0
20137770,0
17683903,0
32645984,0
7979200,0
7194972,0
10381948,0
18121314,0
14787061,0
16395966,0
24779271,0
22451798,0
15926876,0
34962979,0
35745881,0
19603055,0
14744425,0
1025001,0
36449743,0
7439572,0
35485220,0
21412438,0
28126530,0
13114542,0
26477897,0
21173148,0
23335839,0
29262039,0
29688903,0
13149690,0
6332130,0
18151035,0
34416046,0
25137152,0
20872030,0
29337184,0
31025081,0
35821347,0
13032261,0
3924506,0
35605010,0
19677579,0
32944408,0
15971342,0
21817961,0
7999409,0
20333831,0
7885044,0
36237507,0
30468177,0
21836461,0
9007767,0
5149368,0
23595420,0
35567269,0
23784498,0
14359772,0
36142219,0
17093180,0
32340585,0
31120226,0
13278166,0
18595831,0
35633930,0
35608964,0
27237606,0
17382679,0
21139003,0
9092024,0
846799,0
4574224,0
2524213,0
13112601,0
9864749,0
23535132,0
3848324,0
21312283,0
17752907,0
34745490,0
10070350,0
4623635,0
9575790,0
11923007,0
23765629,0
25374851,0
11091309,0
35565108,0
26715682,0
28656163,0
19767688,0
634353,0
13544874,0
25232501,0
31017639,0
12947660,0
3876850,0
13911123,0
22357450,0
36441808,0
30907441,0
13463768,0
32185917,0
25610763,0
3882466,0
3251638,0
24996332,0
11927300,0
20641332,0
16377899,0
35605837,0
9381449,0
11611298,0
22247787,0
14587044,0
2595,0
26310218,0
28889141,0
15529937,0
35978071,0
30539227,0
15831005,0
30537134,0
22176831,0
22099954,0
29540687,0
27498398,0
13415952,0
32681579,0
10500033,0
15133972,0
35965362,0
30756898,0
20191868,0
4713896,0
17956381,0
4108547,0
10605445,0
2670522,0
1334633,0
35603885,0
22863817,0
34718463,0
591135,0
21121441,0
6654984,0
36346454,0
26559,0
35380876,0
28314689,0
25447820,0
34650966,0
19769403,0
10144140,0
22203227,0
3490317,0
14549011,0
2447868,0
21652744,0
9731739,0
20608040,0
29682189,0
34318710,0
22259472,0
9541017,0
35608098,0
2702351,0
31331255,0
19163061,0
17812919,0
3678064,0
24940507,0
18407251,0
9509148,0
21861551,0
12895146,0
19878366,0
31283533,0
3522329,0
28288433,0
26059525,0
18795447,0
30929123,0
31270322,0
32740475,0
11946206,0
16999617,0
34903861,0
5521107,0
16883282,0
34058607,0
6185629,0
31818244,0
10801094,0
19963641,0
35638345,0
30476455,0
24285110,0
20541408,0
20886536,0
35096805,0
9350295,0
18647731,0
32984993,0
28184830,0
6775098,0
28931731,0
13148370,0
30539307,0
18764827,0
10812263,0
31283569,0
26006150,0
9573394,0
35876236,0
32239950,0
21568187,0
9452237,0
3816424,0
31671056,0
14981124,0
22190967,0
31647134,0
16791336,0
14499123,0
33485088,0
15783719,0
23191484,0
32820753,0
34974475,0
24348078,0
13558387,0
18949917,0
27024787,0
4517177,0
35709849,0
22436581,0
3683236,0
8425657,0
18734125,0
15519679,0
19985199,0
8255329,0
36176586,0
1378165,0
13459841,0
17342599,0
7699516,0
2632699,0
34594081,0
163814,0
18239917,0
18540856,0
10985169,0
18358279,0
9464046,0
13100373,0
33219891,0
6988793,0
6976045,0
31128045,0
19176163,0
7644203,0
24179803,0
35606542,0
19280591,0
34259050,0
13114237,0
12990051,0
27569888,0
32678719,0
11927032,0
10489896,0
11714323,0
35608108,0
4137680,0
32343903,0
512775,0
1080543,0
28517278,0
21844377,0
2104588,0
35195580,0
4309757,0
7064199,0
23378076,0
11272815,0
1467392,0
30477526,0
19162648,0
7914401,0
29834133,0
29367388,0
25918869,0
23668747,0
13361785,0
27201242,0
8250925,0
13395513,0
13077215,0
22881110,0
35067483,0
35067259,0
21346054,0
3343299,0
32643993,0
35168757,0
11566601,0
3469115,0
766814,0
27581016,0
13315551,0
25677480,0
2257080,0
1645772,0
15994498,0
25504104,0
31389838,0
15756117,0
19489293,0
35304831,0
26473415,0
17543074,0
33666119,0
11801800,0
7482970,0
18194450,0
14570492,0
19713885,0
33311237,0
8342053,0
11782585,0
1682258,0
28801976,0
5649163,0
36237967,0
30769303,0
24816926,0
24973698,0
7367039,0
4822822,0
25510738,0
7601870,0
21865637,0
4258443,0
30955020,0
15480133,0
35774669,0
4825359,0
16458046,0
33163633,0
14854430,0
24431214,0
32699981,0
31926655,0
25837179,0
27552582,0
20163695,0
26743115,0
29610930,0
6939719,0
20184562,0
4172633,0
16194421,0
28568117,0
11553765,0
30199622,0
31168781,0
31838301,0
12972783,0
13672890,0
36207836,0
26602878,0
22594239,0
22176782,0
33358823,0
24842392,0
19517513,0
32917116,0
11531744,0
33907635,0
703971,0
30595234,0
35290565,0
14551508,0
3121851,0
6452027,0
21138538,0
26785111,0
9807059,0
4846754,0
8311468,0
7512967,0
21802684,0
2507612,0
30511114,0
20233308,0
30275273,0
20230778,0
13769300,0
4691649,0
27952152,0
13509320,0
24392461,0
6403795,0
2044392,0
26589357,0
36057961,0
15298236,0
19013171,0
22292535,0
486350,0
33745548,0
26085355,0
16971247,0
35353949,0
7456166,0
19083269,0
29584789,0
27850382,0
27472111,0
11904191,0
7346434,0
16640455,0
15704180,0
4364924,0
31148486,0
35424418,0
11701404,0
31189979,0
36339403,0
17637439,0
20096504,0
32699916,0
15787405,0
4863176,0
30958706,0
32500481,0
8276961,0
28510491,0
10103745,0
8206060,0
13924403,0
22267590,0
33469797,0
25189853,0
31224372,0
35460630,0
34721719,0
28836976,0
13980828,0
16416588,0
27518599,0
27222175,0
28586482,0
34143050,0
7789346,0
4074892,0
31553066,0
28952972,0
10925309,0
4265471,0
17929219,0
26451569,0
34711249,0
30179242,0
32225189,0
10383284,0
3191450,0
6269808,0
1320550,0
9886606,0
25935054,0
34184764,0
14330713,0
36133,0
32886967,0
11634797,0
23417242,0
23351120,0
21868424,0
26494942,0
13620503,0
22207357,0
12497783,0
5442584,0
25979705,0
98330,0
32037930,0
10096707,0
36270538,0
6493737,0
9259254,0
18182282,0
24376295,0
32136644,0
17070038,0
17339881,0
23990128,0
9127163,0
21067165,0
20744284,0
33913702,0
6262339,0
12874443,0
20689498,0
13845597,0
35352171,0
34337032,0
34306801,0
36199363,0
18664875,0
2999527,0
15539709,0
16393554,0
5238,0
10444139,0
25798995,0
1777674,0
17455952,0
16528098,0
35642891,0
6798068,0
33856310,0
640990,0
30387196,0
30905035,0
34211618,0
35808578,0
9473646,0
19836734,0
22485416,0
28915827,0
16010428,0
11046598,0
3070876,0
21851100,0
7428365,0
30443976,0
20234674,0
32450910,0
17749273,0
6939175,0
4051643,0
14776203,0
350525,0
13996108,0
17737245,0
30387132,0
22184960,0
31542692,0
8799559,0
29829829,0
9342019,0
63693,0
26249544,0
30307336,0
30949075,0
33775328,0
11176819,0
21550717,0
30720530,0
17463059,0
7714405,0
17832970,0
21384768,0
611009,0
22218658,0
32186503,0
22151067,0
13300059,0
34014432,0
19069305,0
14014170,0
23062475,0
34353572,0
12762497,0
28345804,0
5715049,0
9978664,0
35080347,0
14366918,0
30882745,0
28282908,0
2243984,0
21215200,0
21308792,0
30155455,0
18844533,0
24562495,0
35607932,0
35740716,0
16555274,0
6795568,0
10551015,0
23002371,0
12089661,0
18207319,0
294239,0
12336668,0
20785941,0
20932773,0
19588669,0
15591309,0
21933372,0
18173989,0
19970350,0
9494304,0
20174127,0
35269147,0
30296033,0
16954154,0
9738605,0
23855466,0
1475427,0
16243676,0
17698189,0
34122318,0
9550620,0
35330887,0
11453029,0
26719190,0
25132598,0
26473275,0
20889280,0
32419542,0
21800401,0
501098,0
774791,0
9836940,0
19893872,0
34489569,0
99085,0
32126629,0
21881602,0
24629029,0
13388285,0
4663807,0
9645338,0
36413327,0
4462553,0
35699567,0
3452835,0
2663296,0
7224086,0
2710417,0
19102027,0
5567361,0
14979450,0
20164634,0
30584721,0
21476604,0
15179994,0
24202365,0
35263416,0
45940,0
23285903,0
20845735,0
24961004,0
35679614,0
851772,0
21813179,0
24492814,0
34389381,0
30589552,0
20914119,0
19830008,0
25278771,0
31090222,0
29708729,0
12375976,0
2727766,0
25265496,0
16514343,0
9463261,0
33652661,0
34903658,0
15844782,0
33313341,0
30769510,0
22616613,0
23870093,0
12542909,0
27134625,0
32170868,0
17549299,0
8439030,0
14164263,0
21879760,0
14347194,0
2223628,0
26810466,0
4488882,0
34112635,0
24246704,0
22690429,0
23633175,0
6031895,0
30885937,0
18835820,0
22000376,0
6716444,0
30591122,0
29939030,0
19886609,0
26334347,0
28513148,0
20957065,0
22159309,0
4206087,0
24277232,0
34483425,0
1291261,0
19134330,0
28284458,0
21803004,0
13510154,0
30594102,0
35936791,0
11204018,0
13728204,0
30775672,0
3548393,0
8532763,0
26323287,0
29957016,0
13073701,0
4137789,0
9894602,0
16081134,0
28346829,0
17316565,0
19720907,0
29051174,0
20602769,0
1937226,0
22975958,0
16807749,0
208889,0
21062611,0
41513,0
7933773,0
6567114,0
32493667,0
30396100,0
9457285,0
2789713,0
10224557,0
18646075,0
23686,0
27096053,0
26038825,0
14714093,0
12752736,0
10053943,0
26819776,0
19346710,0
13650177,0
21868813,0
4968798,0
19412207,0
20286743,0
33492175,0
23855079,0
33429269,0
271954,0
21514623,0
35658458,0
31212456,0
6071870,0
27425011,0
25864886,0
2473611,0
9541753,0
17877959,0
8881765,0
12360207,0
36384956,0
10358093,0
12071454,0
13543160,0
20917909,0
159913,0
3840541,0
34116742,0
34312163,0
1881556,0
5084095,0
35060288,0
35859800,0
34473821,0
7367165,0
28366864,0
19381437,0
11147993,0
25005877,0
27237591,0
13922353,0
19946195,0
22328585,0
33883852,0
27110090,0
36066155,0
21160958,0
30340086,0
8195719,0
7834765,0
3079125,0
6105140,0
9324841,0
20743703,0
30741302,0
2529085,0
31090803,0
5277242,0
35448841,0
34152598,0
12404820,0
21922071,0
1404828,0
32725374,0
10039238,0
14336338,0
13941017,0
13509110,0
29901006,0
34419753,0
1818420,0
10116351,0
4530160,0
34169395,0
34638258,0
34959441,0
32871846,0
34411728,0
27552868,0
32088018,0
2134052,0
26957310,0
19459082,0
35539036,0
20659824,0
26987854,0
31936078,0
33201132,0
22067499,0
6304307,0
21399110,0
24834739,0
21656310,0
4470423,0
31536758,0
26743587,0
4549555,0
18592160,0
29126674,0
20828460,0
15966074,0
30193147,0
1657110,0
26753081,0
35122826,0
29987801,0
18915587,0
20058138,0
3920562,0
18206686,0
10089727,0
31153254,0
6831518,0
27131829,0
12002288,0
34473487,0
26281187,0
23108877,0
23375014,0
28011840,0
24919725,0
12916646,0
2519112,0
17589815,0
6208855,0
25319356,0
35379899,0
34971449,0
22189962,0
6653095,0
24137748,0
5931824,0
756892,0
20590180,0
25345389,0
15813342,0
3943879,0
526923,0
28603871,0
9819018,0
17988416,0
9050373,0
14760402,0
8614125,0
13972766,0
27559416,0
27531,0
22878715,0
32777169,0
20704394,0
9485566,0
19981649,0
11901938,0
14253050,0
18960386,0
9115832,0
25157795,0
10941762,0
29416216,0
481022,0
24580943,0
10769752,0
21936033,0
2142130,0
7149710,0
21829821,0
33781074,0
2118102,0
9879235,0
35794415,0
36411407,0
34655267,0
33608870,0
78919,0
20284711,0
18540170,0
2196271,0
29073911,0
30144241,0
35156210,0
24432069,0
32314821,0
33495663,0
2636762,0
11653081,0
32801214,0
21801520,0
34280337,0
30476363,0
22483585,0
34830893,0
36404568,0
19827778,0
18253938,0
18090441,0
1487222,0
15477385,0
26147702,0
27164169,0
16301464,0
21010714,0
10365991,0
18793151,0
9248049,0
20712708,0
27779367,0
31691209,0
28659894,0
10049335,0
32869379,0
30501956,0
34357913,0
28312421,0
13356748,0
12851100,0
36041377,0
20070187,0
5511067,0
266437,0
7159258,0
26866997,0
19240332,0
30815097,0
21205810,0
24727443,0
220351,0
22083540,0
5116726,0
2791688,0
28285760,0
21564599,0
15016495,0
36396082,0
3552043,0
26884320,0
25024676,0
18397006,0
10021499,0
22187284,0
10165064,0
31561372,0
23435615,0
24677673,0
16427395,0
5247202,0
18722146,0
11651554,0
6316666,0
35603798,0
22304663,0
14871736,0
21231068,0
28950738,0
17730019,0
33607319,0
1475631,0
32670621,0
11396225,0
22308102,0
28716187,0
12228023,0
26814599,0
7192809,0
16019792,0
15422352,0
35868549,0
3867705,0
23593582,0
17043468,0
31441434,0
12212943,0
29873175,0
36069295,0
20814478,0
34509379,0
25996892,0
9144999,0
33711384,0
9844892,0
23466034,0
33291866,0
30186549,0
25161732,0
33638326,0
33585541,0
11210829,0
13749286,0
27579698,0
17239021,0
25766100,0
6042335,0
23715974,0
293004,0
8290210,0
24995291,0
13188552,0
30975278,0
29414633,0
4384820,0
29439494,0
34652720,0
918049,0
29756137,0
33046019,0
30086617,0
7128293,0
16332242,0
16507116,0
28918915,0
18012028,0
4783738,0
473592,0
27506095,0
36395052,0
36420404,0
29515558,0
27807007,0
9514805,0
14802377,0
8721348,0
6678351,0
2081408,0
1478315,0
33654285,0
27901304,0
8239352,0
19876515,0
2112142,0
20814067,0
30394324,0
13794689,0
34869169,0
33216589,0
9591913,0
753983,0
7733241,0
13378820,0
23250710,0
34337953,0
14551515,0
3399909,0
27808723,0
36305071,0
22387975,0
5718935,0
7399754,0
22985168,0
12220661,0
28273584,0
35613598,0
21045324,0
4279550,0
19531580,0
20895878,0
36204696,0
22419930,0
24896938,0
22850413,0
18025228,0
24946871,0
19376114,0
5262333,0
21325658,0
21550808,0
21289522,0
289020,0
6912211,0
30507110,0
15956772,0
5783307,0
17000577,0
6437014,0
5093174,0
20308253,0
29132728,0
32138615,0
35089556,0
8281340,0
17329090,0
16002841,0
29626161,0
28672201,0
11542467,0
35704764,0
35769795,0
6871251,0
27542642,0
18704012,0
14222252,0
11020841,0
33645301,0
24865151,0
9486111,0
7067406,0
11140165,0
22815108,0
23515323,0
25134727,0
22051523,0
18625919,0
9490600,0
2106662,0
29822259,0
26058634,0
29852201,0
21012137,0
33446581,0
9250374,0
7547439,0
29730504,0
8634515,0
1581579,0
36136048,0
22340915,0
30903214,0
30517097,0
33802074,0
29947398,0
16339175,0
18812153,0
34723111,0
20570327,0
15187369,0
1655824,0
21827363,0
628078,0
19993084,0
23608085,0
32838331,0
33050650,0
28976867,0
19763657,0
33360408,0
21622909,0
20896520,0
4093591,0
25208234,0
30387469,0
804194,0
24077570,0
25933647,0
9607952,0
36345739,0
6807079,0
11589713,0
13549713,0
23741795,0
11512962,0
10388512,0
15083823,0
7307468,0
12912510,0
20825876,0
15100883,0
14557504,0
19757502,0
35119931,0
9844047,0
29483789,0
28014842,0
35368749,0
4163710,0
26099303,0
21103362,0
21281604,0
28441716,0
13971160,0
29698179,0
17751338,0
14707648,0
26788016,0
2277707,0
6644669,0
34812878,0
29727132,0
1449546,0
31529989,0
33709566,0
19763298,0
35060103,0
12294008,0
1455804,0
5028135,0
23649611,0
846829,0
30859838,0
17735639,0
24577999,0
33197913,0
13995561,0
587740,0
30161645,0
33492587,0
18682763,0
17173473,0
14499377,0
7784365,0
3220115,0
19236716,0
11199645,0
27391028,0
25266226,0
35417083,0
29518961,0
15783413,0
35303893,0
1598863,0
32066991,0
8713401,0
34646244,0
23488488,0
10233905,0
63546,0
22015654,0
18434309,0
14556236,0
24582124,0
22401048,0
34391029,0
749896,0
4615631,0
28227966,0
29075810,0
11322391,0
1309148,0
8255464,0
20993138,0
8679596,0
23779181,0
10413474,0
30066243,0
15043180,0
12084100,0
34142214,0
25519673,0
24392740,0
23979192,0
855462,0
4763327,0
5340262,0
16561990,0
18353019,0
14109485,0
21384151,0
16664669,0
9996946,0
27876268,0
24086457,0
29704561,0
2716929,0
4978214,0
686696,0
25967882,0
149287,0
2127767,0
13639075,0
26870969,0
22858455,0
9630295,0
9382719,0
182177,0
23527260,0
22406109,0
34356850,0
34471524,0
5728500,0
24175050,0
3585452,0
30150667,0
86215,0
36449941,0
30264608,0
20942129,0
35740661,0
4838540,0
35487203,0
23768377,0
27362458,0
22713353,0
35065083,0
30131426,0
24370468,0
270139,0
22833112,0
34683938,0
34999950,0
36115183,0
12806016,0
7573430,0
10885211,0
29232638,0
19013613,0
14548280,0
28483408,0
6184748,0
10148955,0
35280902,0
12856720,0
2331154,0
26014359,0
29271438,0
26522398,0
31168577,0
9615485,0
22971913,0
10052587,0
13544023,0
35416858,0
23937509,0
22303888,0
31582797,0
18070342,0
32634720,0
35881328,0
22120170,0
15003711,0
5803068,0
7700185,0
931352,0
635662,0
1080766,0
367810,0
8241545,0
1063020,0
35319902,0
17702320,0
13234446,0
15720448,0
9182008,0
19602883,0
2454507,0
30853694,0
18913001,0
31069444,0
22516361,0
667375,0
24103241,0
21356602,0
8590275,0
18370979,0
13004967,0
20451100,0
32587983,0
10771754,0
30147493,0
6908209,0
5779471,0
27087566,0
9401880,0
19179608,0
13881135,0
23374229,0
14481668,0
28227271,0
29979510,0
13671558,0
32527742,0
34818201,0
31866810,0
31795183,0
29514909,0
32787798,0
30358423,0
36381819,0
32639119,0
30173614,0
30712682,0
31599436,0
22306163,0
21649171,0
21668647,0
20426726,0
23842204,0
19840329,0
23024656,0
29308309,0
13542768,0
21098848,0
21079505,0
16691242,0
11905189,0
14167287,0
13359578,0
18242004,0
31566253,0
16145871,0
21992083,0
892463,0
15031599,0
30181691,0
13329860,0
24965423,0
31304303,0
9531437,0
27699052,0
21548325,0
26290174,0
27807260,0
11457547,0
21648513,0
2141667,0
3963345,0
21661235,0
16018094,0
209310,0
21192066,0
7074504,0
12914669,0
2392051,0
17297799,0
20188527,0
1073635,0
3101058,0
35598561,0
21893658,0
2361323,0
19913070,0
4294969,0
16251572,0
17601960,0
23190292,0
18373279,0
21964596,0
4305170,0
16725326,0
19659617,0
24995898,0
27816015,0
30473558,0
31720275,0
33801421,0
16155648,0
16534156,0
587698,0
8063277,0
29506320,0
15649021,0
23668739,0
32857674,0
23377781,0
5252343,0
21325518,0
24620408,0
3565617,0
23042836,0
16435953,0
3783016,0
25470017,0
30031616,0
21444621,0
3495686,0
26777328,0
31377088,0
20804083,0
8762969,0
13573310,0
17385865,0
8287001,0
32048480,0
25428161,0
18270199,0
7651474,0
21592694,0
16523132,0
1147507,0
992891,0
23860219,0
10342448,0
1445250,0
1851926,0
32991956,0
18734225,0
36204103,0
1598012,0
33560707,0
14851247,0
6463098,0
1039983,0
30663246,0
30247556,0
21638538,0
35767582,0
4831795,0
31465478,0
29605492,0
36209003,0
27989719,0
30307691,0
32884159,0
35081665,0
30674463,0
2181941,0
13466842,0
12000030,0
5679938,0
13429591,0
29183470,0
16441995,0
22748332,0
10175678,0
19914209,0
31722467,0
9470554,0
32224165,0
3137426,0
28893365,0
30974737,0
35600877,0
29943455,0
33767710,0
2416191,0
6913773,0
32404550,0
2069059,0
16360894,0
6106544,0
907966,0
1054201,0
19716375,0
21839021,0
34378303,0
6686332,0
18161036,0
34508565,0
22190887,0
32844588,0
19121957,0
484297,0
34378941,0
35487942,0
34542878,0
22919133,0
74860,0
999248,0
17941851,0
35522946,0
30591478,0
13748851,0
34615705,0
21227721,0
5433967,0
27457026,0
4343956,0
29038655,0
11474808,0
518576,0
11505981,0
30536087,0
27293665,0
17133664,0
19363396,0
9149182,0
16585566,0
9281747,0
27506443,0
1750527,0
16325899,0
33715755,0
8340381,0
1426529,0
45393,0
11164599,0
9711921,0
21499536,0
20207132,0
31143457,0
23289674,0
36383565,0
32163798,0
15874648,0
33523503,0
31599106,0
20982002,0
33558846,0
25055498,0
23166922,0
30792105,0
34777870,0
29079912,0
7652929,0
3395099,0
22280002,0
23131354,0
3818187,0
1827962,0
18191456,0
33115153,0
25545958,0
20863180,0
22570044,0
9652365,0
26894548,0
32168744,0
20387644,0
35600829,0
32760292,0
4415695,0
34255438,0
26604019,0
823880,0
7072245,0
18617195,0
22598303,0
36168735,0
16141267,0
26522949,0
7789606,0
34207413,0
30448678,0
1954450,0
9545059,0
33316690,0
235552,0
12582348,0
27173844,0
10071188,0
27915673,0
5881858,0
35740468,0
28660377,0
32281241,0
9329015,0
21139175,0
18561365,0
20898140,0
13135097,0
29964470,0
5902510,0
25673769,0
14238785,0
12322150,0
22214395,0
19476630,0
6157276,0
20387244,0
28341280,0
406992,0
20887992,0
14221607,0
16665181,0
6512429,0
27678171,0
27200105,0
11370047,0
4125398,0
4860430,0
22352928,0
19190579,0
30435663,0
35785973,0
11096888,0
31624608,0
22959643,0
8113156,0
14967790,0
8033609,0
17777654,0
6180741,0
9978722,0
34275040,0
4032229,0
27022896,0
27803315,0
10554070,0
2695469,0
12004744,0
22886125,0
33689398,0
26599360,0
30243242,0
21865416,0
18616208,0
29686349,0
9710169,0
14959206,0
11591276,0
13689663,0
167222,0
30272473,0
14518363,0
23859280,0
6103273,0
1865884,0
13765949,0
764753,0
28207627,0
27956646,0
21684019,0
13970217,0
11431526,0
31041885,0
21592051,0
26984054,0
27639832,0
4904582,0
4070027,0
3208904,0
24919742,0
20692462,0
33810572,0
24021725,0
9937434,0
13078166,0
6091850,0
16243823,0
4171272,0
13620412,0
14838160,0
1427518,0
13326731,0
5889379,0
25161242,0
4781700,0
12411737,0
6370773,0
29936213,0
7841464,0
21764778,0
16688892,0
32358099,0
34717211,0
11847204,0
25124293,0
20405148,0
18500556,0
27603879,0
298854,0
7090264,0
21354525,0
15453985,0
30321082,0
30369494,0
35035291,0
36282108,0
30592244,0
36180945,0
33710571,0
29341918,0
3791325,0
854033,0
4623771,0
9874042,0
35231242,0
33735398,0
29151631,0
33464005,0
27934546,0
869522,0
21173263,0
36226035,0
1137999,0
28583186,0
35616793,0
9052018,0
25347359,0
22162572,0
13293325,0
36208160,0
29082734,0
493611,0
34453828,0
26250574,0
31313153,0
9370538,0
28386154,0
2110145,0
6543581,0
10015195,0
12941586,0
24508874,0
31823258,0
34341008,0
2467087,0
18774244,0
28751375,0
9049505,0
19906460,0
24432539,0
7319512,0
51572,0
29905155,0
36423944,0
20000184,0
21981789,0
32303671,0
33780177,0
55498,0
5806416,0
34082053,0
21056691,0
7500903,0
4991895,0
23001611,0
20356256,0
30525680,0
1576883,0
31038331,0
19470210,0
2514760,0
25338619,0
12915038,0
26186945,0
12322999,0
18124558,0
18737053,0
27722209,0
14489615,0
26129308,0
35595727,0
24908887,0
5039939,0
34275346,0
22652358,0
7134343,0
18690921,0
3912794,0
34136999,0
24645434,0
34206858,0
24075491,0
10526335,0
6991749,0
29258871,0
72265,0
21677581,0
16617969,0
13956326,0
495348,0
13231399,0
36308600,0
19330742,0
33787438,0
5818551,0
1515026,0
12188651,0
25355219,0
19450906,0
35484268,0
19644363,0
21363363,0
16413797,0
1089619,0
22674576,0
17023406,0
35290739,0
24465831,0
34419247,0
10625484,0
5604005,0
9827941,0
5636395,0
19698772,0
19950630,0
29856590,0
12914749,0
955542,0
36395484,0
12749145,0
26867888,0
21868918,0
4241486,0
941642,0
20628186,0
34356012,0
22041636,0
13675798,0
20035645,0
32867399,0
11745621,0
32860008,0
21569763,0
7116034,0
16721040,0
6545310,0
20971442,0
34941499,0
9880495,0
20275223,0
17666780,0
26142708,0
22945122,0
23319467,0
33995462,0
35937316,0
33120664,0
6848,0
21824416,0
6326568,0
34388266,0
15605295,0
19525675,0
31054566,0
17845507,0
14842991,0
6509338,0
28920156,0
16177837,0
6303845,0
28014733,0
12567631,0
10390481,0
27424575,0
34787483,0
20615793,0
34546192,0
22514661,0
33639979,0
31154648,0
17188328,0
30929920,0
570750,0
775326,0
33388360,0
30420904,0
8951083,0
34790702,0
12186043,0
29962755,0
15356132,0
12339863,0
10692885,0
11436132,0
35373956,0
924719,0
27301638,0
12495887,0
15774210,0
9089306,0
12681210,0
26185195,0
4117134,0
29780076,0
24206202,0
31124175,0
20011863,0
24131689,0
32214068,0
36076335,0
10403199,0
803778,0
27889231,0
17030043,0
29994978,0
2082328,0
28136987,0
14827418,0
18636622,0
27700795,0
13007629,0
9473492,0
25543561,0
36318625,0
33154669,0
15493595,0
11685868,0
31494924,0
9493324,0
21675338,0
19083282,0
8210840,0
9715759,0
16837628,0
26988903,0
23792629,0
26925980,0
13912712,0
17432325,0
8126777,0
26934498,0
13686914,0
12760088,0
17473754,0
2028178,0
30071866,0
9798242,0
30065004,0
5757509,0
15302149,0
4116403,0
20299,0
35167683,0
6646365,0
30459160,0
20089962,0
4946624,0
20283433,0
19715121,0
12664893,0
16186828,0
31707882,0
3775379,0
4555241,0
13446124,0
4757941,0
10527274,0
34659944,0
2489615,0
4909438,0
13266202,0
20194342,0
13316577,0
32355657,0
2043329,0
27737158,0
34859794,0
4957358,0
12598446,0
21564493,0
33748535,0
5581442,0
27652402,0
403668,0
9943776,0
16023497,0
33267781,0
19662367,0
26188757,0
29884367,0
23470928,0
24476209,0
5236146,0
20300137,0
28369515,0
27875973,0
35130273,0
15745269,0
21907240,0
8861719,0
19424191,0
32242848,0
19239282,0
29392681,0
14556661,0
14284714,0
35619415,0
7435904,0
36481315,0
9592781,0
34353944,0
10962,0
4192400,0
9733227,0
4183424,0
16485273,0
14770256,0
30284324,0
7451145,0
860827,0
8554425,0
32291088,0
35610360,0
2931544,0
23035441,0
36144933,0
23650259,0
4588678,0
6385364,0
17224372,0
35644433,0
1864757,0
33998396,0
28580323,0
34900746,0
26749730,0
27545221,0
7689651,0
23841282,0
30923312,0
6117178,0
31145654,0
22766375,0
29482859,0
8955750,0
14041548,0
12641611,0
7884731,0
2607741,0
1061337,0
28628675,0
24599452,0
7244171,0
19745952,0
30792215,0
32326698,0
32788464,0
5878382,0
34397351,0
15560799,0
19710391,0
21635399,0
13651334,0
25934111,0
21836092,0
22541685,0
27756639,0
8849758,0
3393798,0
29943909,0
152263,0
32653951,0
16228505,0
32047248,0
6747193,0
30438271,0
34384958,0
32790547,0
34813879,0
19884639,0
34652761,0
23686606,0
15788050,0
22107142,0
21223569,0
14733932,0
1960358,0
21737535,0
6705604,0
1954429,0
28208416,0
30380685,0
31074425,0
659880,0
33372038,0
28860105,0
23901420,0
34281907,0
4274595,0
30764665,0
31602882,0
36169764,0
30959724,0
2940163,0
19861483,0
2164631,0
6397592,0
13125243,0
32552611,0
16616410,0
18943821,0
21253972,0
14124792,0
35202605,0
17725136,0
33718254,0
3039110,0
20304656,0
31085569,0
10277010,0
10988682,0
6004786,0
31649210,0
8388864,0
26258306,0
31802796,0
24678015,0
3271893,0
1023529,0
10291127,0
16245005,0
12834386,0
15535079,0
29028761,0
22389020,0
36061406,0
22714571,0
16463445,0
3073195,0
16164497,0
21218250,0
16851711,0
30387218,0
4606473,0
25031344,0
9125917,0
19017366,0
25206375,0
35324178,0
31946382,0
17366807,0
31555001,0
33093855,0
24276183,0
16192835,0
35872024,0
18484597,0
3390839,0
27600209,0
19730080,0
31961731,0
7320522,0
6766875,0
11981021,0
19730428,0
26756546,0
29827530,0
490011,0
14406826,0
34040940,0
35281795,0
27161807,0
479285,0
25770975,0
13167621,0
29460203,0
28892753,0
31101826,0
33825679,0
4848500,0
363320,0
19430074,0
1870228,0
31466893,0
27593369,0
34867106,0
35676573,0
30128919,0
2102344,0
16260353,0
21367482,0
18874640,0
31871475,0
17435074,0
24604281,0
15983174,0
5364134,0
28261992,0
9996793,0
703745,0
14108509,0
30463017,0
1360791,0
1279234,0
19163888,0
28207491,0
26957426,0
31905531,0
1110484,0
24099108,0
19717632,0
19930641,0
16238569,0
28332207,0
27730191,0
1354415,0
31470025,0
15527416,0
17667188,0
23756498,0
24222051,0
18776925,0
8274711,0
6401592,0
27422570,0
33473671,0
35541835,0
865355,0
10869804,0
13165500,0
9247923,0
2223247,0
27457583,0
35306652,0
32890299,0
7222354,0
34978133,0
15716633,0
2116940,0
24522061,0
27519772,0
9855876,0
29484840,0
24635095,0
9955143,0
12054286,0
798128,0
18080436,0
31499047,0
26387779,0
21116698,0
22815257,0
14169399,0
6397059,0
17527515,0
25889683,0
14744912,0
23131033,0
1291020,0
871076,0
26528837,0
7696314,0
33608666,0
16975918,0
9807758,0
6738524,0
23084751,0
23487824,0
21623610,0
19069915,0
1066769,0
12806940,0
7988411,0
3511883,0
21257726,0
32007435,0
18565752,0
715102,0
33760723,0
17907935,0
24286851,0
27085372,0
6225935,0
33903248,0
4000133,0
2198970,0
28484811,0
6972089,0
6897911,0
9484892,0
26098654,0
31877755,0
25942651,0
15357493,0
30093274,0
30423106,0
33159289,0
14483613,0
29897123,0
8153005,0
19095902,0
20599017,0
2977232,0
26989662,0
24041042,0
19334916,0
26750461,0
35570396,0
16630483,0
30337531,0
19827594,0
13026702,0
27277107,0
9420768,0
26845312,0
925730,0
31332143,0
31111599,0
27858785,0
16579236,0
34390686,0
20212707,0
28642786,0
16936036,0
853900,0
22512917,0
33267342,0
20459381,0
21369060,0
27701535,0
35941870,0
1649957,0
30933599,0
6716160,0
18649351,0
12114228,0
9310390,0
10978135,0
13100726,0
22446568,0
20762692,0
10371643,0
20090389,0
31058918,0
34478311,0
24535218,0
29056566,0
21630372,0
1747405,0
3688197,0
8505781,0
21501295,0
36163803,0
15717865,0
30537221,0
22343079,0
31626307,0
16719568,0
17133439,0
29562532,0
21836176,0
30370778,0
23307047,0
6757821,0
24460450,0
21983275,0
25637401,0
31322379,0
21444943,0
10017170,0
33533803,0
33908098,0
32962251,0
25871304,0
11605983,0
1270324,0
799484,0
2459916,0
739815,0
6555586,0
14917765,0
17915565,0
2774381,0
8684886,0
769175,0
4977744,0
28779020,0
26780658,0
4813140,0
10067083,0
35005936,0
13378410,0
5432743,0
6921974,0
4567518,0
4640515,0
32240933,0
33117486,0
784169,0
36445224,0
25025533,0
29877024,0
14195677,0
34324284,0
13726217,0
22101965,0
32959315,0
13129533,0
33880071,0
546573,0
33087134,0
4994266,0
35459480,0
3206224,0
8611817,0
32898133,0
24991133,0
35181903,0
10972148,0
6869940,0
34415315,0
3213813,0
15053143,0
22969068,0
34645029,0
1844792,0
18358606,0
1166947,0
24574987,0
16095875,0
16396640,0
33685563,0
12153709,0
17534189,0
1334793,0
15361785,0
34109471,0
25773391,0
35911322,0
29857392,0
20282225,0
31268431,0
32241235,0
20148004,0
610118,0
4726749,0
18549136,0
10473052,0
4445185,0
2738377,0
23996479,0
4950807,0
18794754,0
31919779,0
2210088,0
35543560,0
3802966,0
7643399,0
20725759,0
1538077,0
33947023,0
8182759,0
30103053,0
9920941,0
3841033,0
33528376,0
12513217,0
35100775,0
9476397,0
22911,0
34647032,0
13688249,0
27142225,0
11971580,0
32901262,0
2213680,0
30908416,0
10525911,0
7899605,0
14480430,0
29518083,0
30651242,0
8880194,0
9334840,0
30377021,0
35228797,0
34368774,0
23870798,0
34184923,0
34748562,0
5279925,0
13883393,0
29762648,0
31405999,0
32428466,0
11575073,0
8878172,0
35614490,0
4204988,0
10148201,0
12020835,0
30289305,0
23901975,0
31067715,0
14065007,0
31978518,0
34932465,0
16858146,0
13642631,0
1856027,0
24497202,0
36105777,0
1928556,0
32284628,0
30160427,0
9840355,0
13526398,0
30928305,0
35617353,0
9004946,0
18573121,0
4982969,0
9919518,0
16756678,0
10157256,0
35875858,0
19714504,0
7837347,0
2248580,0
26685314,0
1474752,0
22884749,0
30691717,0
15229456,0
11011759,0
6342741,0
9862913,0
2285444,0
3251901,0
24334634,0
3013668,0
16463598,0
3944200,0
4799839,0
33033214,0
13669049,0
20506551,0
20969532,0
8523910,0
21875621,0
32165536,0
23486333,0
18586018,0
1735478,0
17664316,0
1586773,0
13709910,0
18546787,0
33439471,0
34568807,0
26358530,0
16438038,0
30084269,0
23477827,0
32681559,0
34642119,0
34813479,0
29995668,0
16275887,0
3559515,0
16553353,0
32041621,0
19582754,0
19943741,0
1654551,0
11843397,0
20741563,0
13166495,0
21106395,0
22266538,0
16569554,0
32866678,0
34202362,0
15664673,0
21959695,0
5582283,0
9112463,0
15131952,0
27369583,0
18209795,0
6389473,0
4642913,0
28050532,0
23849343,0
20652607,0
25476912,0
35916489,0
20900400,0
35634901,0
29907089,0
33342415,0
21698837,0
4550747,0
19802994,0
2653186,0
4155012,0
34930659,0
16807028,0
19593009,0
19531541,0
14182564,0
22187253,0
7051619,0
14947252,0
5192219,0
34812124,0
2259813,0
35937183,0
13117160,0
19940410,0
32528224,0
9253505,0
15833015,0
9276634,0
8283693,0
2148025,0
36315759,0
20167609,0
35490739,0
31365591,0
26984883,0
21802458,0
14218173,0
13880972,0
7911571,0
23090632,0
30311572,0
34119451,0
34143463,0
20196464,0
18849349,0
1466534,0
33237562,0
16154904,0
1828063,0
29886141,0
12653674,0
13910111,0
5581273,0
11128811,0
20557463,0
21227069,0
7031803,0
23358593,0
30710264,0
4838260,0
19523894,0
794281,0
20679396,0
4784618,0
6571890,0
33491707,0
15781324,0
20794628,0
31430577,0
10887852,0
19019159,0
29740171,0
242643,0
23514988,0
14262420,0
3832774,0
26889817,0
4359921,0
33996094,0
16336860,0
28936795,0
16160189,0
32717193,0
19174546,0
9291870,0
28087456,0
16918104,0
4621713,0
28917505,0
8408853,0
4565734,0
14296562,0
10339835,0
9212510,0
808313,0
5251624,0
34370821,0
29183445,0
21597684,0
1628564,0
32251219,0
24945511,0
1906604,0
33529806,0
35365315,0
8404181,0
7050731,0
29885604,0
13711439,0
2776119,0
32683430,0
35388353,0
977870,0
36082371,0
16148563,0
25126466,0
1668328,0
299078,0
35127246,0
21990254,0
32414346,0
525523,0
13043208,0
36382093,0
283550,0
36482416,0
19891590,0
27237512,0
5262076,0
28432700,0
14126610,0
21512357,0
18988814,0
36024736,0
5191965,0
21867598,0
31532357,0
263888,0
22191302,0
29388803,0
31897516,0
4918117,0
32342394,0
13864889,0
19734117,0
16749235,0
21714930,0
12674423,0
23158770,0
29776235,0
10994530,0
6760353,0
36101396,0
8516438,0
19525455,0
23820538,0
2909006,0
15701672,0
6799932,0
15423623,0
31104180,0
17847040,0
35742633,0
32844072,0
21022856,0
17587833,0
27569308,0
36429652,0
31177757,0
13409920,0
7428891,0
4554473,0
258690,0
34792347,0
3133055,0
27949286,0
15596539,0
20801388,0
12317903,0
33716700,0
9217837,0
7695442,0
35129774,0
628227,0
16595,0
23392375,0
3835334,0
10014783,0
7024079,0
32782675,0
36042251,0
35114837,0
11625684,0
3378585,0
32919980,0
33831236,0
20615932,0
9371171,0
5934255,0
28912768,0
246134,0
35939197,0
26026904,0
6505927,0
20832768,0
22951326,0
22125138,0
28521841,0
35328951,0
2141470,0
36112291,0
29183838,0
21312495,0
28627947,0
35733228,0
22356352,0
9451126,0
21660113,0
228517,0
18811187,0
24421357,0
10724792,0
11257690,0
591565,0
1987627,0
24038323,0
1072212,0
24847554,0
26594199,0
7850400,0
36077745,0
32696852,0
3512620,0
26256557,0
23573326,0
4777597,0
1016819,0
16032177,0
13529607,0
21209950,0
1290208,0
8192532,0
33741107,0
9445342,0
26926704,0
6674155,0
9841695,0
8610093,0
20621413,0
20425060,0
2273613,0
17106705,0
794245,0
33419182,0
29078251,0
7572637,0
32992183,0
9540193,0
20011434,0
13699396,0
21161038,0
35582464,0
4717296,0
1238285,0
18309885,0
10939344,0
19843040,0
32723619,0
36304897,0
35842999,0
9691204,0
33708600,0
4752020,0
22629696,0
11374387,0
13588393,0
16258784,0
29689103,0
11656396,0
21027995,0
10114830,0
14911628,0
31823510,0
33468225,0
35163290,0
1346003,0
23528303,0
12271309,0
14448231,0
230321,0
6679063,0
12053427,0
9959328,0
18257701,0
4814075,0
6004567,0
19018157,0
13529498,0
12863594,0
34157717,0
32544013,0
21064623,0
1913540,0
1503670,0
22970376,0
2519879,0
26041689,0
35493162,0
21081875,0
22244254,0
17266255,0
12990578,0
34756040,0
7763869,0
7264471,0
25236926,0
1059891,0
60611,0
16826741,0
34570070,0
29513249,0
10156441,0
21213047,0
7749763,0
5396801,0
13098805,0
19455656,0
30010084,0
33171891,0
16135897,0
5054072,0
35233128,0
527076,0
7838393,0
34706349,0
31542976,0
11057550,0
35187654,0
5384774,0
33157003,0
13460534,0
5572393,0
19248045,0
2060720,0
30132711,0
20323803,0
19757672,0
29513629,0
30885018,0
31932642,0
19610687,0
11065633,0
22229244,0
20812587,0
16122024,0
11279847,0
10500406,0
10939255,0
514548,0
16454164,0
8993461,0
22270195,0
17280743,0
15081440,0
34914606,0
6423521,0
10811875,0
16163275,0
13616684,0
5797398,0
3946177,0
35417968,0
24596989,0
29334325,0
21029678,0
20955226,0
24147123,0
4636643,0
13659949,0
7217351,0
23455982,0
30815343,0
28560837,0
8932049,0
35711535,0
21864747,0
28730581,0
29135488,0
31539511,0
33293218,0
34081178,0
6603756,0
21633295,0
29828159,0
20668002,0
4218129,0
14771917,0
2056307,0
35941974,0
18159825,0
23385738,0
14408114,0
10822131,0
11123996,0
29481874,0
21217698,0
17450190,0
1183172,0
30351642,0
32441243,0
30593615,0
95883,0
14387471,0
18823940,0
15497229,0
26858196,0
14809342,0
18430588,0
30712961,0
1892319,0
2134294,0
15248135,0
27131580,0
23596665,0
7936161,0
32564397,0
28607761,0
26988550,0
31062827,0
25542088,0
13514387,0
14759888,0
13554710,0
3870294,0
30461720,0
28602842,0
4925050,0
24137890,0
2778250,0
26193643,0
27934562,0
34453823,0
36428210,0
23451100,0
10174245,0
4706957,0
30087397,0
27132102,0
20763577,0
23105764,0
22275716,0
28762085,0
29281407,0
22543061,0
29012098,0
16930274,0
32241577,0
18899768,0
29584099,0
17670245,0
35948011,0
7775627,0
30554355,0
21044271,0
34837017,0
7129972,0
32545866,0
26604446,0
35005171,0
11968680,0
29183932,0
13453023,0
5522518,0
33549508,0
25475257,0
28428636,0
33363704,0
3302905,0
16712302,0
243229,0
4137756,0
24732229,0
26190809,0
9066389,0
24232774,0
21655971,0
15095439,0
22032656,0
7108992,0
29955544,0
34544052,0
16311579,0
29039497,0
14500533,0
21274914,0
6601606,0
4277980,0
9385790,0
6384275,0
33885227,0
36262925,0
6452019,0
19619159,0
2936517,0
21367929,0
31760436,0
12492941,0
3176655,0
29834597,0
13394404,0
16577736,0
6225766,0
30851988,0
20356865,0
32250920,0
2101349,0
2149954,0
29463258,0
951365,0
7620336,0
17908331,0
27088944,0
23728251,0
1823141,0
20998265,0
19720565,0
9597031,0
17123646,0
3850493,0
11864530,0
13902088,0
25970374,0
2267692,0
22686497,0
26099255,0
26978574,0
10786240,0
35043094,0
28335929,0
34485317,0
9033218,0
3464971,0
20805520,0
30394223,0
12856529,0
34423018,0
3831,0
9676890,0
27732746,0
4791964,0
14951904,0
12485862,0
18498466,0
2516430,0
16664045,0
22628471,0
25967894,0
34260123,0
9153256,0
31185117,0
13508567,0
11677489,0
10452737,0
34040771,0
29928467,0
12502633,0
11044453,0
31315936,0
7953690,0
33655292,0
11191242,0
16352250,0
21588805,0
27959826,0
14120515,0
12420947,0
30150406,0
12656785,0
28610567,0
6989258,0
16994272,0
5353612,0
1891798,0
22222996,0
20013255,0
26469342,0
29647523,0
21398613,0
33804214,0
11319227,0
34341721,0
9016650,0
11937647,0
6262821,0
921862,0
3325617,0
33689844,0
20121617,0
6971639,0
19823964,0
17793185,0
30470373,0
6373379,0
2116059,0
18175675,0
23630216,0
1479731,0
22204167,0
33915820,0
34517668,0
27964104,0
17529164,0
13903497,0
13092482,0
19877223,0
16067542,0
35316337,0
20501444,0
30388479,0
33709466,0
9349010,0
20553283,0
16503382,0
30697483,0
36409903,0
31341298,0
29907852,0
24715968,0
6703091,0
33884349,0
23872299,0
32240186,0
8275331,0
30333873,0
18993379,0
35884299,0
16689593,0
31145652,0
14774206,0
5361824,0
25914515,0
34945827,0
22448345,0
9776054,0
3626609,0
12145887,0
23643300,0
34569042,0
26916746,0
30732895,0
28690371,0
8616102,0
6333850,0
13495012,0
31803533,0
19193664,0
29797712,0
729841,0
27279139,0
21185633,0
5697556,0
29059214,0
27953771,0
11295457,0
27083945,0
11890279,0
29922910,0
23264421,0
9607855,0
4409074,0
30251760,0
21994769,0
2323502,0
8108376,0
11284520,0
34907479,0
35384123,0
493177,0
26356921,0
18375815,0
36038287,0
35707945,0
18927333,0
22632338,0
3513662,0
34392767,0
12755571,0
36412880,0
14014128,0
31876569,0
7483853,0
27787386,0
3289009,0
3137906,0
34117228,0
17095925,0
26748151,0
26945036,0
35847458,0
13234457,0
635114,0
13016082,0
6506449,0
18329545,0
850338,0
2660538,0
12185578,0
22244917,0
28042014,0
7688481,0
27836864,0
27733012,0
19751573,0
30253236,0
16823712,0
2942129,0
25354678,0
18311851,0
30776023,0
6988794,0
9612938,0
23573383,0
27278017,0
34940451,0
12412900,0
23565653,0
1777197,0
31987512,0
10411679,0
32717887,0
